type,X1,X216,X269,X709,X1001,X1997,X2509,X2711,X2906,X3270,X3430,X4829,X4994,X5347,X5523,X6421,X6513,X6794,X7126,X7157,X7342,X7365,X8699,X8987,X9022,X9560,X9688,X10131,X10437,X11029,X11327,X11925,X13095,X13353,X14289,X14348,X15455,X16156,X16274,X16331,X16349,X16885,X17282,X17316,X17445,X17752,X17794,X18063,X18158,X19664,X20462,X21200,X21487,X22251,X23239,X23932,X24014,X25205,X25206,X25804,X25867,X25933,X26039,X26287,X26615,X26747,X27015,X27121,X27250,X28252,X28544,X28688,X29617,X30321,X30663,X31416,X31695,X31704,X33031,X33110,X33614,X33759,X34236,X34482,X34594,X34988,X36051,X36093,X36210,X36527,X36750,X36904,X37119,X37161,X37279,X37614,X38229,X38382,X38733,X39011,X39033,X39743,X40316,X40395,X41885,X42555,X43479,X44844,X46640,X46946,X47591,X48368,X48462,X48605,X49178,X50448,X50551,X51155,X51280,X52384,X52897,X53495,X53596,X54604,X55033,X55191,X55249,X55561,X56359,X56693,X56717,X57156,X57157,X57170,X57194,X57754,X57771,X57961,X58394,X58599,X58699,X58936,X59011,X59393,X59504,X59505,X59832,X59964,X61629,X61641
1,0,0,18,36,27,0,0,20,0,0,0,0,19,23,0,0,15,14,0,0,0,0,0,0,18,14,0,0,0,0,0,20,0,0,12,11,0,25,0,0,0,0,0,0,0,0,10,0,0,35,0,0,18,0,0,11,18,0,0,0,0,0,0,0,19,17,12,0,0,0,0,10,12,0,0,18,0,0,0,0,0,0,0,11,0,0,0,0,0,0,0,0,0,11,19,0,0,0,0,0,18,0,10,0,12,0,0,0,0,0,0,0,0,0,0,0,10,0,18,15,0,0,11,0,0,16,0,0,26,10,0,0,0,0,22,12,0,0,18,0,10,0,0,0,0,0,0,11,0,0
0,0,0,11,0,10,0,0,11,0,0,20,0,11,10,0,0,0,0,0,0,0,11,0,0,14,0,0,19,0,11,0,0,0,0,0,0,0,39,0,0,0,0,17,0,0,0,23,13,18,19,0,0,20,25,11,15,0,26,0,16,19,0,11,22,12,14,24,0,11,11,0,21,0,12,0,26,0,0,0,0,0,19,0,0,0,0,0,0,12,0,0,0,0,17,10,0,0,0,19,0,0,0,0,0,10,11,0,0,0,0,0,0,0,0,0,39,24,19,0,15,0,0,0,16,0,0,13,0,0,0,0,0,70,27,0,12,0,0,17,18,0,0,0,0,24,0,16,18,0,0
0,0,0,0,0,32,0,0,0,0,11,14,17,17,14,0,0,23,0,0,0,13,0,56,0,0,0,11,0,0,0,0,15,0,0,0,35,17,40,0,13,0,0,16,0,0,20,17,0,11,10,0,14,20,29,0,0,0,0,0,10,0,10,0,18,10,0,0,0,0,12,0,17,0,11,22,12,0,0,0,23,34,11,0,0,0,0,31,0,15,0,10,0,0,20,23,0,10,0,31,0,16,0,0,13,11,33,0,0,0,11,0,0,23,0,0,22,17,0,11,33,27,0,0,30,10,0,0,0,16,0,0,0,49,0,16,10,0,0,21,0,15,0,0,0,0,0,20,22,0,0
2,0,0,22,0,0,0,14,20,0,0,0,0,0,10,16,0,48,0,0,0,0,0,15,0,0,0,0,0,0,25,0,0,0,0,0,15,0,42,11,0,0,0,0,0,0,25,0,0,0,0,0,0,0,0,0,0,0,0,0,13,0,0,0,11,0,0,0,0,0,14,0,0,0,0,0,10,0,0,0,17,0,0,0,0,0,0,39,0,18,0,15,0,17,0,0,0,17,0,16,0,19,0,15,10,22,0,17,0,13,0,0,0,0,0,0,44,0,0,0,0,0,16,0,27,0,0,0,0,0,0,0,0,0,0,0,19,0,10,0,0,11,0,0,11,0,0,23,0,0,12
0,0,0,0,0,0,0,0,0,0,0,18,0,0,10,14,0,11,20,0,0,0,0,0,0,15,0,0,17,0,0,0,14,17,37,17,0,0,12,0,19,0,0,0,0,0,0,15,0,0,0,0,14,20,0,15,16,40,0,0,0,0,14,0,10,24,0,0,13,11,0,0,15,18,16,13,11,0,0,0,0,39,0,0,38,0,0,0,13,0,16,0,47,0,20,27,0,0,0,0,0,0,0,0,13,22,22,0,13,0,0,0,10,15,0,0,0,15,0,0,10,0,0,0,0,0,16,0,0,0,0,0,0,32,0,0,18,0,0,18,17,12,0,11,0,0,0,0,19,0,0
0,0,0,0,0,0,0,0,0,0,117,0,17,0,0,0,0,0,0,0,0,0,0,0,0,0,0,0,11,0,0,0,0,15,0,43,0,17,0,20,108,0,0,0,0,20,0,17,0,67,11,0,0,0,0,41,35,0,0,0,0,0,20,0,17,0,0,20,0,25,0,0,17,0,0,83,0,0,0,0,0,14,68,0,0,0,0,0,0,0,15,183,0,0,12,0,0,193,0,0,0,11,0,0,11,0,29,0,11,0,92,0,26,0,0,0,0,17,0,0,14,140,33,0,0,17,0,0,11,22,56,0,0,12,0,12,0,0,0,0,12,0,21,0,0,0,0,0,12,0,0
0,0,0,0,0,0,0,0,0,0,65,0,0,18,0,0,0,0,0,0,0,0,0,32,0,0,0,0,0,0,0,0,24,45,0,29,0,0,0,0,57,0,0,14,21,44,0,0,10,35,0,0,13,0,19,33,19,0,0,0,11,0,27,0,14,0,0,0,0,11,0,27,0,0,30,0,12,0,11,0,0,31,35,0,0,0,0,0,17,0,44,0,0,0,15,10,0,0,0,0,0,0,0,0,0,11,0,0,14,0,0,0,0,29,0,0,0,0,0,0,0,0,16,0,0,0,0,10,14,13,48,0,0,0,0,10,0,0,49,0,0,0,43,28,0,0,0,0,15,0,0
2,0,77,45,0,0,0,0,43,0,0,13,0,12,0,11,0,0,0,0,0,11,0,0,0,0,0,0,0,71,14,0,0,34,0,37,0,0,0,0,0,0,0,0,0,32,0,14,0,18,0,0,0,0,0,0,23,0,0,0,0,0,33,0,19,0,0,36,0,10,0,0,15,0,26,0,0,0,0,0,10,0,19,0,0,0,0,0,17,0,33,0,0,22,31,0,0,0,0,0,0,0,0,0,0,37,0,22,0,0,0,0,30,0,0,0,0,15,0,12,21,0,0,0,0,10,0,0,0,16,0,0,0,12,0,0,10,62,0,0,10,21,32,50,0,0,0,0,32,0,0
1,0,0,0,0,0,0,0,0,0,0,0,0,0,0,13,0,0,0,0,0,0,0,0,0,0,0,0,0,0,0,0,0,16,0,0,0,0,0,0,34,0,0,0,0,16,0,0,0,76,0,0,0,0,0,16,77,0,255,0,0,0,19,0,0,0,0,19,0,47,0,0,0,0,0,156,0,0,0,60,0,0,75,0,0,13,0,0,0,0,17,0,0,0,0,0,0,0,0,0,0,0,71,0,0,0,14,0,0,0,0,0,39,42,0,0,0,0,0,0,0,0,0,0,0,0,0,0,0,0,46,0,0,0,255,16,11,0,0,0,0,10,16,0,0,0,42,0,0,0,0
0,0,0,0,0,0,0,10,0,0,0,11,0,0,0,0,0,0,0,12,0,0,0,10,0,13,0,0,12,12,0,10,0,12,50,17,17,0,15,0,0,0,0,0,20,0,0,10,0,0,0,0,0,16,10,0,10,0,0,0,0,0,0,15,23,0,0,0,0,0,16,29,0,0,10,0,0,0,0,0,0,0,0,78,0,0,0,0,0,18,12,0,65,0,0,13,0,0,0,0,0,0,0,0,11,0,0,0,0,0,0,12,0,13,0,0,24,0,0,0,19,0,0,0,14,0,0,0,0,0,0,0,0,0,0,12,0,0,0,10,12,0,0,0,0,14,0,13,12,0,0
1,0,0,10,0,0,0,35,10,0,0,0,0,0,24,0,0,0,0,0,0,0,0,0,0,0,0,0,0,0,0,14,0,0,0,0,0,0,0,0,0,10,0,0,0,0,0,0,0,0,0,0,10,0,0,0,0,0,0,20,0,0,0,0,11,0,0,0,0,10,0,0,0,0,0,0,0,0,0,0,0,0,0,34,0,0,0,0,0,0,0,0,0,0,0,0,11,0,0,0,0,15,0,0,0,0,0,0,0,0,0,0,0,0,11,12,0,0,0,0,0,0,11,0,0,12,0,0,0,0,0,0,19,0,0,0,0,0,0,0,0,12,0,0,0,20,0,0,0,0,0
0,0,33,0,0,0,0,19,0,0,0,12,0,0,0,0,0,11,0,0,0,0,0,0,0,0,0,0,14,0,0,0,0,0,0,0,0,0,19,0,0,0,0,0,0,0,11,14,0,12,0,0,0,14,0,0,0,0,0,0,0,0,10,0,0,12,0,0,0,0,0,0,16,0,0,0,0,0,0,0,20,0,13,15,0,0,0,0,0,0,0,0,0,0,0,13,0,0,0,16,0,0,21,0,0,0,11,0,0,20,0,0,0,0,0,0,29,15,0,0,10,0,0,0,19,0,0,0,0,0,0,0,0,0,0,10,0,0,0,14,13,0,0,0,11,0,0,0,0,0,0
1,26,0,0,0,0,0,0,0,0,0,0,0,0,0,0,0,0,0,0,0,0,0,0,0,0,29,0,0,0,0,0,0,0,0,0,11,0,0,0,0,19,0,0,0,0,0,0,13,0,0,0,0,0,21,0,0,0,0,0,0,18,0,0,0,0,14,0,0,0,0,0,0,0,0,0,0,0,20,0,0,60,0,14,0,0,0,0,0,0,0,0,0,0,0,0,18,0,0,0,0,14,0,0,0,0,0,0,0,0,0,0,0,0,15,12,0,0,0,0,0,0,0,0,0,0,0,13,0,0,0,0,0,0,0,0,0,0,0,0,0,0,0,0,0,12,0,0,0,0,0
0,0,0,17,0,0,0,0,17,0,0,12,49,0,0,10,0,19,0,0,0,0,0,0,0,0,0,0,14,0,28,0,0,13,72,17,0,50,76,24,24,0,12,0,17,17,25,10,173,0,0,0,0,25,36,15,0,0,0,0,14,18,13,18,14,0,0,24,0,0,0,18,10,0,0,0,13,0,179,0,20,25,0,0,0,0,0,0,0,0,14,0,49,0,15,24,0,14,0,49,0,0,0,0,0,12,13,0,0,0,0,0,0,19,0,0,111,11,0,0,22,0,19,0,51,0,0,177,0,12,10,0,0,0,0,13,12,0,0,26,14,0,17,21,0,0,0,46,15,0,10
2,0,0,27,0,0,0,0,26,16,0,11,0,20,0,13,0,0,0,0,0,0,0,20,0,0,0,0,21,0,0,0,20,25,0,22,0,0,0,0,18,0,0,20,0,24,0,27,31,14,0,0,17,0,49,0,0,0,0,0,11,0,0,0,28,13,41,0,14,0,0,0,25,0,17,0,15,0,50,0,18,0,14,0,0,0,0,0,0,0,24,0,0,22,23,0,0,0,19,0,0,0,0,0,13,25,19,22,0,0,0,0,0,11,0,0,0,27,0,0,14,0,16,0,0,0,0,31,0,15,20,0,0,0,0,0,40,0,0,0,20,21,24,0,0,0,0,0,24,0,13
0,0,0,0,0,12,18,0,0,0,0,21,0,17,12,0,18,0,39,20,0,24,12,57,0,0,0,0,11,0,15,0,13,0,0,13,0,0,43,0,11,0,0,34,42,0,41,0,18,0,0,0,0,13,14,12,0,31,0,0,0,0,0,0,0,15,0,0,0,0,0,16,0,0,0,0,0,0,0,0,0,38,0,17,36,0,0,0,0,19,0,13,13,0,0,26,0,14,0,25,0,15,0,0,0,0,0,0,0,0,0,21,0,0,0,0,60,0,0,0,0,30,17,0,71,11,25,19,0,12,11,0,0,63,0,0,0,0,14,12,11,0,0,0,0,0,0,0,0,0,0
1,0,0,0,0,0,0,0,0,0,16,0,13,0,0,0,0,0,0,0,0,0,0,0,0,16,0,0,11,0,15,0,0,0,41,0,0,12,12,0,22,27,0,0,12,11,0,0,0,20,0,0,30,13,0,0,50,0,0,0,11,0,13,0,23,0,0,0,0,13,0,24,0,0,11,0,0,0,0,0,0,0,20,0,0,0,0,0,0,0,0,42,0,0,12,0,29,51,0,0,0,0,0,0,0,12,14,0,0,0,0,0,15,25,0,0,10,0,0,0,0,39,16,0,0,0,0,0,0,0,15,0,0,0,0,0,12,11,0,0,11,17,11,0,0,0,0,11,12,0,0
2,0,0,12,0,22,0,0,12,0,0,0,51,19,0,0,0,0,68,0,0,0,0,0,0,0,0,0,14,0,0,0,21,10,0,18,0,51,0,96,34,0,0,0,14,18,0,14,0,32,0,0,12,0,0,18,31,104,0,0,0,11,11,0,0,0,0,11,0,10,0,25,14,0,19,0,0,126,0,0,16,0,31,0,96,0,0,0,46,0,10,0,0,10,0,0,0,10,0,0,0,14,0,0,14,16,11,0,10,0,0,0,0,22,0,0,18,14,0,0,0,0,18,0,0,0,81,0,0,17,33,0,0,0,0,0,0,0,0,0,14,0,18,27,0,0,0,0,0,0,0
0,0,0,0,21,17,0,22,0,0,34,18,26,0,13,11,0,0,13,0,24,0,0,0,0,11,0,0,0,0,11,0,0,16,0,14,0,26,0,0,18,0,0,15,10,0,0,11,0,13,10,0,0,20,0,23,0,13,0,0,0,20,0,0,12,21,12,0,0,0,0,20,12,11,12,0,13,0,0,0,13,29,13,0,0,0,0,0,0,0,16,21,0,0,12,14,0,19,0,12,0,0,0,0,12,16,14,0,0,0,0,0,0,0,10,0,13,11,0,0,14,0,11,0,0,12,0,0,11,15,18,0,0,44,0,0,13,0,0,16,10,10,0,0,0,10,0,0,12,0,0
2,0,0,0,0,0,0,0,0,0,0,0,0,0,10,0,0,0,0,0,0,0,0,27,0,0,0,0,0,0,0,0,12,0,0,0,0,0,0,0,0,16,0,16,0,0,0,0,0,0,0,13,0,0,15,0,0,0,0,0,0,0,0,0,0,0,12,0,13,0,0,0,0,0,0,0,0,0,0,0,0,0,0,65,0,0,0,19,0,0,0,0,0,0,0,0,16,0,17,0,0,11,0,0,0,0,0,0,0,0,0,0,0,0,20,19,0,0,0,0,0,0,0,0,0,0,0,0,0,0,10,13,0,0,0,0,0,0,0,0,0,0,0,0,0,0,15,0,0,0,0
1,0,0,13,0,0,0,0,13,20,0,17,0,0,15,0,0,0,0,0,0,0,0,0,0,11,0,0,0,0,11,0,0,0,0,0,29,0,0,0,0,0,0,14,0,0,0,0,12,0,0,0,0,0,52,0,0,0,0,0,0,15,0,0,0,14,0,0,14,0,0,0,0,0,0,0,0,0,25,0,0,0,0,0,0,0,0,0,12,0,0,0,0,0,0,0,0,0,0,0,0,0,0,0,0,0,0,0,0,0,0,0,0,0,0,0,0,0,0,0,0,0,0,0,0,0,0,12,20,0,0,0,0,0,0,19,0,0,0,0,0,0,0,0,0,0,15,0,0,0,0
2,0,0,32,0,16,0,44,32,0,0,0,0,40,0,0,0,0,0,0,0,11,0,19,10,18,0,0,15,0,14,0,25,12,0,12,27,0,27,0,14,0,0,24,0,17,10,12,0,0,0,0,0,21,12,16,0,0,0,0,0,12,0,18,0,0,0,11,0,12,0,0,12,14,25,0,10,0,0,0,0,0,0,0,0,0,0,0,0,14,12,120,0,10,21,24,0,92,0,12,0,13,0,0,18,24,12,11,24,0,0,0,0,19,0,0,29,12,0,0,13,0,13,0,13,13,0,0,0,14,34,0,0,10,0,12,0,0,0,17,16,23,19,0,0,0,0,13,20,0,0
1,0,0,0,61,12,0,0,0,0,0,0,0,0,18,0,0,0,0,12,12,0,0,14,10,0,0,0,0,11,0,19,0,0,0,0,0,0,0,0,14,0,0,0,0,0,0,0,17,0,12,0,0,12,44,0,0,0,0,0,0,17,0,0,0,12,0,0,0,0,0,0,0,0,0,0,0,0,20,0,0,0,0,132,0,41,0,0,0,0,0,0,0,13,0,0,0,0,0,0,0,0,0,0,0,14,0,13,0,0,0,12,0,0,15,0,0,0,59,0,0,0,0,0,0,23,0,17,0,0,0,0,0,0,0,0,0,0,0,10,0,11,0,0,0,20,0,0,0,0,0
0,10,0,22,0,12,0,34,22,0,0,19,0,0,13,0,0,0,0,89,0,0,0,0,0,13,0,0,22,0,25,20,0,0,0,0,33,0,0,0,0,14,0,0,0,0,0,0,11,0,15,0,0,14,18,0,0,0,0,0,0,15,0,0,14,12,0,0,10,0,0,0,0,0,0,0,0,0,14,0,24,34,0,37,0,0,23,0,0,0,0,0,0,19,0,0,13,0,0,0,25,13,0,14,13,0,19,11,0,0,0,87,0,0,0,0,0,0,38,0,15,0,13,0,0,15,0,10,0,0,0,0,0,17,0,24,0,0,0,12,22,0,0,0,0,44,0,0,0,0,0
0,0,0,0,0,0,24,0,0,0,0,0,0,12,22,17,23,0,0,119,0,0,0,0,0,22,0,0,13,0,17,16,16,0,0,0,11,0,26,0,14,0,0,28,0,0,10,15,0,13,10,0,0,20,0,12,12,0,0,255,0,22,0,0,0,0,19,0,0,0,17,0,14,14,0,0,10,0,0,0,22,62,13,28,0,0,43,0,0,0,0,0,0,0,13,15,0,0,11,0,43,12,0,12,16,11,18,0,0,0,0,118,0,0,14,16,32,15,0,0,0,0,12,0,11,0,0,0,0,10,10,0,255,0,0,0,12,0,0,14,13,11,0,0,0,42,0,12,13,0,11
0,0,0,10,0,0,0,25,0,14,0,10,22,0,0,0,0,0,0,0,12,0,0,0,0,0,0,0,15,0,0,0,0,0,14,0,12,22,44,0,22,0,0,0,0,0,0,0,0,31,0,0,0,27,0,14,0,0,0,0,0,0,0,0,17,11,0,0,0,0,16,0,0,0,13,25,0,0,0,0,79,42,32,16,0,0,0,0,0,12,0,33,0,0,20,19,10,25,0,29,0,0,0,0,17,16,0,0,0,0,0,0,12,0,0,0,33,0,0,0,11,41,0,0,39,0,0,0,17,0,27,0,0,57,0,15,0,0,0,25,15,10,0,0,0,0,0,17,20,0,0
2,0,0,0,0,0,0,0,0,0,0,0,0,17,0,0,0,0,0,0,0,0,0,0,0,0,0,158,0,81,26,0,28,71,0,40,70,0,0,0,0,0,0,23,0,59,0,0,0,0,0,0,0,0,0,0,23,0,0,0,0,0,41,0,0,0,0,0,0,13,0,0,0,0,0,0,0,0,0,0,0,0,0,0,0,0,0,0,0,0,69,0,0,0,15,0,0,0,0,0,0,0,0,11,0,17,18,0,0,0,0,0,0,0,0,0,0,0,0,0,0,0,0,0,0,0,0,0,0,34,0,0,0,0,0,48,0,83,0,0,0,10,59,71,0,0,0,0,15,0,0
0,0,0,0,0,0,0,0,0,0,0,0,80,0,0,0,0,0,26,0,0,0,0,0,0,0,0,0,0,0,0,17,0,0,0,0,0,80,0,0,0,0,0,0,0,0,0,0,0,21,29,11,0,0,0,0,0,136,0,0,0,0,0,0,0,0,0,0,0,0,0,0,0,0,0,0,11,20,0,0,0,44,22,0,0,0,0,0,0,0,0,0,0,0,0,0,0,0,0,0,0,0,20,0,0,0,0,0,0,0,0,0,39,0,11,0,0,0,0,0,0,0,0,10,0,0,86,0,0,0,0,11,0,0,0,0,0,0,0,0,0,0,0,0,0,31,0,0,0,0,0
0,0,0,0,0,10,11,0,0,0,16,0,19,10,0,0,11,0,0,0,0,0,0,0,0,0,0,0,15,15,0,0,0,0,0,14,0,19,0,0,0,0,0,25,0,0,0,14,0,10,11,0,0,12,0,16,13,11,0,0,0,0,0,0,13,0,0,10,17,0,0,0,14,0,0,0,0,0,0,0,20,33,10,0,10,0,0,12,0,0,0,0,0,0,16,11,0,0,0,10,0,0,0,0,10,0,10,0,14,0,12,0,0,0,0,0,20,14,10,0,16,14,0,13,0,0,0,0,0,0,14,0,0,14,0,0,10,0,24,11,13,10,0,0,0,0,0,0,16,0,0
1,17,0,0,0,0,0,0,0,0,0,0,0,0,0,0,0,0,0,0,0,0,15,0,0,0,0,33,0,0,11,0,0,17,0,0,0,0,0,10,0,0,12,0,43,14,0,0,0,0,10,0,0,0,0,0,0,0,0,0,0,0,13,0,0,0,0,0,0,0,0,43,0,0,0,0,12,0,0,0,0,55,0,0,0,0,0,0,0,0,17,13,0,0,0,0,0,10,0,0,0,0,125,0,0,0,0,0,0,0,0,0,0,24,0,0,0,0,0,0,0,0,0,0,0,0,0,0,0,0,10,0,0,0,0,0,0,0,0,0,0,0,14,22,0,0,74,0,0,0,0
0,0,0,11,0,0,0,0,12,12,0,18,0,0,0,10,0,0,0,0,0,0,0,12,12,17,0,0,30,0,0,0,0,12,0,46,15,0,0,13,12,0,0,17,0,26,0,14,0,18,18,0,15,14,0,10,46,0,12,0,0,0,12,0,19,0,24,0,0,14,0,0,13,20,25,0,17,0,0,0,55,15,18,0,0,0,0,0,0,0,11,0,0,16,39,13,0,0,0,0,0,14,0,0,34,0,31,16,13,0,25,0,0,0,0,0,0,14,0,15,19,0,32,0,0,0,0,0,0,11,0,0,0,0,12,0,0,0,0,14,31,11,27,0,0,0,0,0,40,0,10
2,0,0,52,0,11,0,0,47,0,0,0,0,12,0,11,0,0,0,0,0,0,0,0,0,0,0,0,15,70,12,68,18,34,0,23,0,0,0,0,0,0,0,27,0,0,0,10,0,11,13,0,78,0,0,0,116,0,0,0,10,0,0,0,11,0,0,23,0,40,0,0,0,0,14,0,15,28,0,0,15,0,11,138,0,0,0,0,0,0,35,0,0,28,10,0,0,0,0,0,0,0,0,0,0,21,12,29,15,0,0,0,0,18,0,0,0,10,0,16,14,0,0,0,0,0,0,0,0,10,0,0,0,48,0,28,15,0,0,0,15,11,0,28,0,0,0,0,10,0,0
0,0,0,0,0,0,0,0,0,0,0,0,12,22,0,0,0,0,0,0,0,0,0,0,0,0,0,0,0,0,0,0,21,89,0,50,0,12,0,0,0,0,0,36,0,78,0,0,0,0,0,0,11,0,0,0,38,10,0,0,0,0,61,0,0,0,0,20,0,0,0,0,0,0,22,0,0,0,0,0,0,0,0,0,0,0,0,0,0,0,88,0,0,0,0,0,0,0,0,0,0,0,0,0,0,0,12,0,0,0,0,0,0,12,0,0,0,0,0,0,15,0,56,0,0,0,0,0,0,0,0,0,0,0,0,0,0,0,0,0,0,0,76,81,0,0,0,0,0,0,0
2,0,0,19,28,40,0,0,17,0,0,12,21,44,13,10,0,0,29,0,0,14,0,0,0,37,0,0,43,0,0,0,31,27,0,37,65,20,41,0,44,0,24,21,26,66,14,27,0,17,12,0,58,27,0,11,27,0,0,0,12,0,18,0,15,31,0,0,202,0,0,39,25,15,21,42,13,0,0,18,29,0,19,0,40,0,0,0,95,15,27,46,29,17,15,27,0,31,0,29,0,36,0,24,31,15,49,17,16,31,0,0,18,17,0,0,27,26,0,16,11,0,47,0,14,41,0,0,0,88,0,0,0,147,0,16,15,0,0,22,42,16,66,14,37,0,0,16,15,31,0
0,0,0,0,0,0,0,0,0,0,0,0,0,17,0,15,0,48,0,0,0,0,0,49,0,0,0,0,13,0,11,0,0,28,0,40,15,0,30,0,0,0,0,13,0,65,12,18,16,0,13,0,0,0,49,0,0,0,0,0,0,0,30,0,70,0,10,30,0,13,0,0,19,0,35,0,12,0,0,0,15,0,0,17,0,0,0,11,0,0,29,0,0,14,44,0,0,0,0,30,0,0,0,11,12,0,24,14,0,0,0,0,0,0,0,0,49,19,0,0,53,0,23,0,32,0,0,17,0,14,0,0,0,0,0,0,28,0,0,0,13,11,65,0,0,0,0,0,42,0,16
2,0,0,0,15,0,11,0,0,0,0,0,36,0,17,14,11,0,17,0,0,0,0,11,0,0,0,0,0,0,0,0,0,0,0,0,0,34,0,0,0,0,0,0,0,0,0,0,0,0,0,0,0,0,0,0,0,0,50,0,14,0,0,0,0,12,0,0,0,0,0,0,0,0,0,10,15,83,0,0,0,0,0,14,10,13,0,0,0,0,0,0,0,0,0,0,0,0,0,0,0,0,0,0,10,14,0,0,12,0,0,0,0,21,0,0,0,0,0,0,14,0,0,0,0,14,0,0,0,0,0,0,0,35,51,0,0,0,0,0,0,15,0,0,0,0,0,0,0,0,16
1,30,0,18,0,12,0,0,19,0,0,0,0,42,0,20,0,0,0,0,0,0,0,0,0,0,29,0,0,0,11,0,22,16,0,0,45,0,0,0,0,36,11,32,0,12,0,18,64,0,29,34,0,0,0,0,11,0,0,0,10,0,0,0,0,0,0,0,0,0,0,0,18,0,0,0,13,0,0,0,0,19,0,41,0,0,0,0,0,0,14,0,0,15,0,10,37,0,0,0,0,0,29,0,21,0,10,15,0,0,0,0,0,12,0,0,0,18,0,0,0,0,0,31,0,10,0,62,0,0,0,34,0,0,0,13,23,0,0,0,0,0,12,20,0,0,17,0,0,0,15
2,11,0,15,0,0,20,0,15,0,0,12,0,20,0,0,20,14,0,0,12,0,0,35,0,16,0,0,31,0,0,0,12,22,0,21,25,0,0,0,12,0,0,29,23,0,0,30,0,0,0,0,0,14,0,0,0,0,0,0,10,0,0,0,51,10,13,19,0,0,0,23,29,10,22,21,14,26,0,0,25,0,0,0,0,0,0,0,0,0,22,0,0,14,41,0,0,0,10,0,0,0,0,0,16,22,0,14,53,0,0,0,0,47,0,0,0,30,0,0,24,0,10,0,0,0,0,0,0,17,25,0,0,29,0,0,21,0,0,12,31,18,0,0,0,0,0,0,42,0,0
0,0,0,0,0,0,0,0,10,0,45,0,0,0,0,0,0,0,0,0,0,15,0,0,0,0,22,0,0,0,0,0,0,0,255,0,0,0,0,0,35,62,0,0,27,0,0,0,0,12,22,26,0,0,0,15,14,0,0,0,0,0,0,0,0,0,0,0,0,0,0,91,0,0,0,0,0,0,0,0,0,0,12,0,0,0,0,0,0,0,0,0,255,0,0,0,66,0,0,0,0,0,12,0,0,0,0,0,12,16,0,0,0,0,0,0,0,0,0,10,0,0,17,0,0,0,0,0,0,0,24,26,0,0,0,0,0,0,0,0,0,0,0,0,14,0,29,0,0,0,0
0,0,0,0,0,15,10,0,0,0,0,16,11,0,16,0,10,0,0,94,0,0,0,11,0,10,0,0,0,0,15,18,13,0,0,0,15,11,37,0,0,0,0,66,0,0,16,0,0,16,0,0,0,10,0,0,0,0,0,211,0,36,0,0,0,12,29,0,19,0,0,0,0,0,0,0,0,0,0,0,0,49,16,50,0,0,18,12,0,24,0,0,0,21,0,15,0,0,0,15,18,10,0,0,0,0,43,23,0,0,0,98,0,0,34,27,46,0,34,14,0,0,18,0,22,39,0,0,0,11,0,0,216,0,0,14,0,0,0,0,0,0,0,0,0,29,0,19,0,0,0
2,0,0,11,47,0,0,0,10,0,20,14,0,0,32,0,0,0,0,0,10,0,0,35,16,0,0,0,0,0,0,12,0,0,0,0,22,0,0,31,0,0,0,0,44,0,0,0,0,0,0,0,0,0,0,0,0,0,0,0,0,0,0,12,0,16,0,0,0,0,0,73,0,0,0,28,0,0,0,0,0,0,0,30,0,0,0,0,84,0,0,16,20,11,0,0,0,16,0,0,0,0,0,0,0,0,0,11,0,0,0,0,10,0,0,0,0,0,0,0,0,0,0,0,0,15,0,0,0,0,0,0,0,0,0,0,0,0,0,0,0,0,0,0,0,0,0,0,0,0,0
2,0,0,0,0,0,0,0,0,27,0,10,54,0,10,0,0,0,0,0,22,0,0,24,10,0,0,0,0,0,0,0,0,0,254,0,0,55,13,0,35,0,0,0,69,0,0,0,0,27,0,0,0,10,0,18,0,0,12,0,0,0,0,0,16,13,0,10,0,0,0,100,0,0,0,10,0,0,0,0,15,0,28,0,0,0,0,0,0,0,0,11,19,0,0,0,0,11,12,0,0,0,0,0,0,12,0,0,0,11,0,0,10,14,0,0,33,0,0,0,10,59,13,0,0,0,0,0,0,10,38,0,0,14,12,12,0,0,0,10,0,10,0,0,0,0,0,0,0,0,0
1,0,0,11,0,0,0,0,11,0,0,14,0,0,0,0,0,0,0,0,0,0,0,23,0,0,0,0,0,0,0,0,0,0,0,0,59,0,45,17,11,0,0,0,0,0,12,0,0,13,0,0,0,13,0,11,11,0,0,0,0,0,0,12,0,21,0,0,0,0,14,0,0,0,0,0,0,0,0,0,0,0,12,0,0,0,0,0,0,24,0,20,0,25,0,15,0,25,0,18,0,0,0,22,0,16,17,25,0,0,0,0,0,21,0,0,66,0,61,37,0,23,34,0,19,0,0,0,0,20,12,0,0,0,0,0,0,0,0,11,0,0,0,0,0,11,0,26,0,0,0
1,0,0,0,0,0,0,0,0,0,73,0,0,0,0,0,0,0,0,0,0,0,0,0,0,0,0,0,0,0,0,17,11,15,0,17,13,0,16,128,24,11,11,0,0,10,0,21,11,13,0,0,12,0,0,32,32,0,15,0,0,0,0,0,15,0,0,14,0,17,0,0,21,0,0,0,0,0,0,0,15,0,14,32,0,0,0,0,0,0,15,0,0,0,0,0,11,0,0,0,0,0,134,0,12,0,0,0,0,0,0,0,0,16,0,0,30,20,0,0,0,0,14,0,16,0,0,11,0,0,56,0,0,0,17,11,14,0,0,0,0,0,10,0,0,0,46,0,0,0,0
2,10,0,24,0,0,0,0,23,0,0,0,0,114,0,0,0,0,0,0,0,0,0,49,0,17,0,0,0,12,0,0,45,105,0,127,18,0,0,0,0,0,0,24,0,163,0,0,36,0,0,0,0,0,76,0,13,0,0,0,15,0,64,11,30,0,0,0,207,10,0,0,0,0,31,0,17,0,52,0,0,0,0,0,0,0,0,0,0,0,111,0,0,54,26,0,0,0,0,0,0,0,0,17,0,0,98,53,12,0,0,0,0,11,0,0,0,0,0,45,20,0,117,0,0,0,0,36,0,0,0,0,0,0,0,0,0,28,0,0,0,0,158,0,0,0,0,0,24,0,0
0,0,63,14,18,50,0,0,13,11,0,15,23,15,15,0,0,0,0,0,17,10,0,22,0,0,0,0,13,0,33,0,0,13,0,22,29,23,18,0,0,0,13,13,0,22,0,0,25,19,0,0,20,17,70,0,16,0,149,0,0,0,10,0,12,0,0,0,13,12,16,0,0,0,14,22,0,0,14,10,31,37,18,0,0,0,0,0,0,0,13,0,0,0,12,15,0,0,0,16,0,0,0,0,0,17,28,0,0,0,0,0,16,10,0,0,64,0,0,0,15,0,0,0,0,11,0,27,0,26,0,0,0,48,146,17,15,0,19,15,13,12,22,17,0,0,0,10,12,11,0
0,0,0,18,0,104,0,0,18,0,0,0,0,12,51,0,0,40,0,27,0,0,0,32,0,12,0,19,11,0,28,0,16,0,0,0,14,0,34,0,0,0,15,33,18,0,0,13,88,0,0,0,10,40,88,0,0,0,0,0,0,11,0,0,0,0,0,0,0,0,0,25,14,10,0,0,0,0,31,0,16,35,0,48,0,0,18,0,0,0,0,0,0,10,0,40,0,0,0,34,19,19,0,14,0,13,16,11,0,0,0,26,0,0,0,0,16,13,0,0,0,0,12,0,10,0,0,89,0,0,0,0,0,54,0,41,10,0,0,41,10,0,0,0,0,19,0,0,0,0,0
0,0,0,0,0,0,0,33,0,19,0,37,26,22,0,0,0,0,13,0,0,0,0,0,0,0,0,0,13,0,0,0,10,14,0,27,0,26,0,0,0,0,0,0,0,42,0,18,13,15,32,0,49,11,33,0,25,19,104,0,0,0,0,0,16,25,20,17,0,11,0,0,18,0,34,11,11,0,0,0,0,0,17,0,0,0,0,27,0,0,16,0,0,0,36,0,0,0,0,0,0,0,0,0,11,0,0,0,0,0,0,0,15,12,20,0,0,18,0,0,28,0,0,0,0,0,27,13,0,19,0,0,0,0,105,0,0,0,0,0,13,0,42,0,0,0,0,0,37,0,0
1,54,0,0,0,0,0,0,0,0,11,0,0,0,22,0,0,0,0,0,0,0,0,23,0,0,0,0,16,0,0,0,0,0,0,23,38,0,28,0,22,0,0,0,0,12,14,14,0,0,0,0,15,19,0,17,18,0,0,0,0,0,0,10,10,0,0,0,0,0,0,0,11,0,0,12,0,0,0,0,11,40,0,16,0,0,0,0,0,0,0,12,0,10,0,13,0,0,0,16,0,11,0,0,0,11,0,10,12,0,0,0,0,12,0,0,60,12,0,0,0,37,11,0,22,0,0,0,0,0,16,0,0,0,0,0,0,0,0,17,16,16,11,0,0,0,0,14,0,0,0
0,0,209,0,0,0,0,0,0,0,0,0,59,13,0,13,0,0,45,0,0,0,0,0,0,0,0,0,10,0,51,0,12,31,0,25,0,59,0,0,37,0,0,31,0,24,0,20,22,123,12,0,18,0,0,25,0,0,0,0,10,0,34,0,0,0,19,12,0,0,0,12,19,0,27,113,19,0,18,15,36,0,124,0,46,0,0,0,0,0,30,0,0,13,0,0,0,0,0,0,0,0,0,0,0,13,0,13,0,0,176,0,93,0,0,0,0,19,0,10,15,0,0,0,0,0,0,23,0,0,0,0,0,0,0,0,0,0,0,0,10,10,26,38,0,0,0,0,0,0,11
2,0,0,12,0,0,0,27,13,25,16,16,23,0,0,0,0,0,17,0,13,0,0,18,0,0,0,0,0,0,0,0,0,0,96,0,0,23,46,0,20,0,14,0,33,11,0,0,0,0,0,0,10,12,0,16,11,0,0,0,0,0,0,0,13,19,0,0,0,0,22,51,0,0,0,17,10,0,0,0,0,0,0,79,22,0,0,0,17,0,0,30,83,15,0,20,0,29,0,21,0,0,0,0,0,0,0,15,0,0,0,0,0,0,0,0,40,0,0,0,0,0,0,0,10,38,0,0,0,0,14,0,0,0,0,0,0,13,0,13,0,0,11,0,18,0,0,27,0,0,0
0,0,0,0,0,0,0,0,0,11,36,16,11,23,0,0,0,0,0,134,0,0,0,10,0,20,0,0,0,0,0,0,0,0,0,0,10,11,20,42,17,0,0,12,11,0,10,0,15,35,27,0,0,13,104,23,19,0,0,68,0,0,0,0,0,18,22,0,0,0,18,10,0,0,0,15,19,0,32,0,0,0,33,65,0,0,45,0,0,13,0,35,0,0,0,17,0,40,0,22,44,10,0,12,0,0,21,0,0,22,0,137,10,0,0,0,46,0,0,0,0,37,0,0,25,12,0,15,0,11,16,0,69,0,0,18,0,0,0,13,0,0,0,0,20,41,0,27,0,0,0
0,0,0,50,0,0,0,0,40,0,0,10,17,34,0,12,0,0,0,0,0,0,0,0,0,0,0,0,27,0,0,0,13,18,0,26,14,16,0,0,0,0,0,62,0,0,0,14,0,14,0,0,44,0,0,0,12,28,0,0,10,0,17,0,26,0,0,0,0,0,0,0,13,0,28,38,12,0,0,0,41,23,15,0,0,0,0,0,0,0,19,0,0,0,26,0,0,0,0,0,0,0,77,0,28,12,0,0,0,0,0,0,19,0,0,0,0,13,0,11,18,0,0,0,0,0,19,0,0,30,0,0,0,0,0,0,11,0,12,0,27,0,0,13,0,0,33,0,27,0,10
1,0,0,0,0,0,0,0,0,11,18,14,17,10,0,0,0,0,0,0,17,0,0,27,0,0,0,0,0,11,0,0,0,0,0,0,30,17,41,0,0,0,0,11,0,0,24,0,0,11,0,0,0,0,18,12,0,0,0,0,0,14,0,0,0,17,0,0,0,0,21,0,0,0,0,0,0,0,0,0,0,0,11,0,0,0,0,0,0,22,0,12,0,22,0,11,0,11,0,16,0,13,0,0,0,0,0,22,0,0,0,0,0,0,0,0,84,0,37,11,0,0,0,0,79,0,0,0,0,0,14,0,0,0,0,0,0,20,0,0,0,0,0,0,0,20,0,26,0,0,0
0,0,0,0,27,10,0,0,0,0,18,52,15,0,12,0,0,0,0,41,0,0,0,0,0,0,0,0,0,0,0,0,0,0,0,0,0,15,33,0,11,0,0,17,13,0,13,0,0,0,0,0,0,13,0,0,0,0,0,0,0,0,0,0,0,16,0,0,0,0,17,0,0,0,0,0,0,0,0,0,0,0,0,0,11,0,13,0,0,0,0,16,0,0,0,11,0,13,0,18,13,0,18,0,0,0,0,0,0,0,0,41,0,0,0,0,42,0,0,0,0,0,0,0,13,0,0,0,0,0,21,0,0,34,0,0,0,0,0,0,0,0,0,0,0,25,10,0,0,0,0
2,0,0,0,0,0,0,41,0,0,0,0,0,0,0,17,0,0,0,0,0,0,0,0,0,0,0,0,0,0,0,0,0,0,0,0,0,0,0,0,0,0,10,0,0,0,0,0,0,38,33,0,0,0,0,0,24,0,0,0,0,0,0,0,0,0,0,0,180,0,0,0,0,55,0,0,10,0,0,0,0,0,43,0,0,0,0,0,0,0,0,12,0,0,0,0,0,16,0,0,0,0,57,0,0,0,0,0,0,0,0,0,0,0,49,47,0,0,0,0,0,0,0,0,0,0,0,0,0,0,0,0,0,0,0,0,18,0,0,0,0,0,0,0,0,0,185,0,0,0,12
0,11,0,0,0,0,0,93,0,0,0,0,0,0,0,13,0,0,0,0,0,0,0,0,0,0,0,0,0,92,23,0,0,140,0,108,0,0,0,0,0,0,0,0,0,141,0,0,0,0,0,0,0,0,0,0,24,0,0,0,0,0,132,0,72,0,0,71,0,0,0,0,0,0,77,0,0,0,0,0,0,21,0,0,0,0,0,0,0,0,138,0,0,0,50,0,0,0,0,0,0,0,0,32,0,0,24,0,0,73,0,0,0,10,0,0,0,0,0,0,42,0,0,0,0,0,0,0,0,0,0,0,0,0,0,0,0,0,0,0,0,0,136,74,59,0,0,0,50,0,0
0,0,0,0,0,0,0,25,0,0,0,0,15,0,0,0,0,0,31,0,0,0,0,0,0,0,0,0,13,0,0,0,0,26,0,44,0,14,0,0,32,0,0,0,16,25,0,0,0,31,0,0,12,0,0,11,11,21,14,0,0,0,25,0,14,0,0,23,0,0,0,19,0,0,32,121,0,88,0,83,0,0,29,0,37,0,0,0,0,0,24,0,0,0,13,0,0,0,0,0,0,0,25,0,0,11,0,0,0,0,0,0,60,0,0,0,0,0,0,0,10,0,0,0,0,0,0,0,0,0,0,0,0,0,14,18,0,0,0,0,13,0,24,41,0,0,21,0,13,0,0
0,0,0,0,0,0,0,16,0,0,14,0,0,0,0,49,0,0,0,0,0,11,0,56,0,0,0,0,0,0,0,0,0,0,0,0,10,0,0,14,0,0,0,0,0,0,0,11,0,0,20,0,0,0,0,0,174,0,0,0,0,0,0,0,57,0,0,0,22,65,0,0,11,0,0,0,0,0,0,0,0,16,0,0,0,0,0,0,0,0,0,0,0,0,45,0,0,0,0,0,0,0,0,0,0,18,0,0,0,0,0,0,0,0,0,0,0,11,22,0,52,0,0,0,0,0,0,0,0,10,0,0,0,0,0,0,60,0,0,0,0,0,0,0,0,0,0,0,43,0,0
0,0,28,0,0,20,17,0,0,0,0,23,0,18,0,0,16,0,0,0,0,24,0,0,0,13,0,0,20,13,36,0,18,10,0,12,0,0,0,0,30,0,10,14,75,0,0,16,0,29,13,0,0,17,0,22,0,10,0,0,10,0,0,0,0,14,0,0,0,0,0,121,15,18,0,0,0,0,0,0,29,52,30,0,15,0,0,0,91,0,10,47,68,0,11,26,0,37,13,14,0,0,0,0,0,0,0,0,0,0,20,0,11,0,0,0,0,15,29,0,22,0,0,0,0,0,0,0,0,0,27,0,0,85,0,0,0,13,0,17,20,14,0,0,0,0,0,0,10,0,0
0,0,0,0,0,0,0,0,0,0,0,12,18,23,12,16,0,0,0,11,0,0,0,30,0,0,0,0,15,0,14,14,23,0,10,10,0,17,14,0,19,0,0,53,20,0,12,0,0,0,19,0,15,0,16,15,0,0,15,36,17,23,0,0,0,19,0,0,0,10,0,20,0,0,0,0,18,0,0,0,0,63,0,0,0,0,10,0,0,0,0,0,0,0,0,11,0,0,26,10,10,0,0,0,17,19,11,0,13,0,0,10,0,0,0,0,26,10,0,0,0,0,11,0,15,10,0,0,10,0,0,0,36,13,15,12,0,0,0,0,15,0,0,0,0,19,0,0,10,0,14
0,0,0,12,0,37,0,0,12,0,0,10,0,0,0,0,0,0,0,0,0,0,0,23,0,0,0,0,0,0,0,0,0,17,0,17,0,0,11,0,0,0,0,0,0,0,15,0,50,0,0,0,0,14,0,0,10,0,0,0,0,0,13,0,11,11,0,12,0,0,18,10,0,0,16,0,0,0,20,0,0,0,0,11,0,0,0,0,0,11,17,0,0,0,13,18,0,0,17,33,0,12,0,0,0,0,0,0,0,0,0,0,0,19,0,0,19,0,0,0,0,0,0,0,21,11,0,50,0,0,0,0,0,0,0,0,0,0,0,11,0,0,0,16,0,0,0,12,15,0,0
1,0,0,0,23,0,0,0,0,0,0,0,15,0,21,0,0,0,57,0,0,0,0,0,0,0,0,0,11,0,0,0,10,0,0,0,0,15,0,0,11,0,0,0,24,0,0,0,25,15,0,0,0,0,42,0,0,0,0,15,0,0,0,11,0,0,0,0,0,0,0,32,0,0,0,53,0,0,13,26,0,0,15,18,97,0,0,0,27,0,0,28,0,0,0,0,0,28,0,0,0,0,0,0,0,15,10,0,0,0,34,0,26,0,0,0,14,0,49,0,0,0,15,11,0,0,60,25,0,12,0,0,16,0,0,0,0,0,0,0,11,15,0,0,0,10,0,0,0,0,0
1,39,20,0,0,0,0,0,0,0,0,0,0,20,12,0,0,0,0,0,0,0,0,0,0,0,0,0,0,0,63,0,0,21,0,21,10,0,20,0,0,0,0,76,27,28,19,0,11,0,0,0,14,0,19,0,17,0,0,0,0,0,18,0,0,0,0,42,0,0,0,32,0,0,15,0,0,0,0,0,0,24,0,0,11,0,0,0,19,0,21,0,0,0,0,0,0,0,0,0,0,0,0,17,0,0,11,0,0,0,0,0,0,0,0,0,22,0,0,0,0,0,15,0,26,0,0,11,0,0,0,0,0,0,0,0,0,0,0,0,0,0,27,28,0,0,0,0,0,0,0
1,30,0,0,0,0,0,0,0,0,0,0,0,0,14,0,0,0,0,15,0,0,0,11,0,0,0,0,0,0,0,24,0,0,0,0,0,0,0,0,0,0,0,11,0,0,0,0,11,0,0,0,0,0,35,0,10,0,0,0,0,0,0,0,0,0,13,0,36,0,0,0,0,0,0,0,0,0,0,0,15,38,0,54,0,0,0,255,0,0,0,0,0,0,0,0,0,0,19,10,0,0,0,0,0,0,0,0,0,0,0,15,0,0,29,20,0,0,0,0,0,0,0,0,0,0,0,12,0,0,0,0,0,0,0,0,0,14,0,0,0,0,0,0,0,22,0,0,0,0,0
1,20,0,0,0,0,0,23,0,0,0,0,0,10,0,0,0,0,0,0,0,0,0,0,0,17,18,0,0,0,0,0,12,0,0,0,0,0,0,0,0,0,0,0,0,0,0,0,29,0,11,0,0,0,28,0,0,0,0,0,12,0,0,0,0,0,0,0,0,0,0,0,0,0,0,0,14,0,14,0,0,23,0,17,0,0,0,0,0,0,0,0,0,0,0,0,0,0,0,0,0,0,19,0,0,0,0,0,0,0,0,0,0,0,0,0,0,0,0,0,0,0,0,0,0,11,0,29,0,0,0,0,0,0,0,0,0,0,0,0,0,12,0,0,0,0,16,0,0,0,0
1,0,0,0,0,0,0,0,0,0,0,0,20,14,0,10,0,0,0,0,0,0,0,0,0,0,0,0,0,0,0,0,0,0,0,0,0,20,0,15,23,0,0,0,0,10,0,16,0,36,0,0,0,0,0,0,61,0,0,0,0,0,12,0,19,0,0,0,0,28,0,0,15,0,0,103,0,0,0,0,0,0,37,0,11,0,0,0,0,0,0,0,0,0,24,0,0,0,0,0,0,0,0,0,0,10,0,0,0,0,0,0,34,39,0,0,0,16,123,0,0,0,0,0,0,0,0,0,0,0,11,0,0,22,0,0,15,0,0,0,0,0,0,17,0,0,0,0,24,0,0
1,0,0,18,0,24,0,0,47,18,25,16,14,39,12,0,0,0,13,0,24,0,0,27,22,14,0,0,13,0,0,29,24,26,0,13,0,14,12,19,16,22,0,26,54,14,22,0,29,29,0,0,35,15,0,20,16,14,255,0,0,0,16,15,0,0,0,31,0,14,14,68,10,0,10,102,0,0,16,18,17,0,30,52,25,0,0,0,83,10,26,43,0,15,0,16,21,46,0,14,0,0,0,12,0,13,17,15,11,0,87,0,33,0,0,0,48,0,0,23,10,32,59,0,45,0,27,29,19,14,25,0,0,0,255,0,0,0,0,13,13,14,13,21,0,0,0,14,0,0,0
1,0,0,0,28,23,19,0,0,0,18,0,40,0,0,0,19,0,96,0,0,0,16,12,10,0,0,48,0,0,25,0,29,11,0,0,0,39,28,0,23,0,0,35,27,0,15,0,0,23,0,14,23,13,0,10,0,0,0,17,0,0,0,0,0,0,0,0,0,0,0,14,0,0,10,0,0,0,0,0,0,0,23,0,127,15,0,29,13,19,12,15,10,13,0,0,0,11,0,29,0,0,0,0,0,12,0,11,15,0,0,0,0,0,0,0,25,0,0,12,0,0,0,14,38,0,131,0,19,0,17,14,16,0,0,0,0,0,0,13,0,15,0,0,0,0,0,18,0,0,0
1,0,0,0,0,12,0,0,0,10,0,11,0,0,34,0,0,0,0,0,0,0,0,43,0,0,0,0,0,0,0,13,0,0,0,0,0,0,0,0,31,0,0,0,0,0,0,0,82,19,0,0,0,0,134,0,11,0,0,0,0,0,0,0,0,20,0,0,16,0,0,0,0,0,0,40,0,0,52,10,0,0,19,27,0,0,0,45,0,0,0,53,0,0,0,0,0,60,0,0,0,0,0,0,0,0,0,0,0,0,0,0,18,0,10,11,0,0,0,0,0,42,0,0,0,17,0,80,0,0,13,0,0,0,0,0,0,0,0,0,0,0,0,0,0,0,0,0,0,0,0
1,32,0,12,0,0,0,14,12,0,0,0,0,0,13,0,0,0,0,19,0,0,0,0,0,0,25,0,0,0,0,0,0,0,0,0,0,0,18,0,0,16,0,12,0,0,0,0,0,0,15,21,0,14,0,0,0,0,0,80,0,11,0,0,0,0,0,0,69,0,0,0,0,0,0,0,0,0,0,0,0,49,0,25,0,11,0,0,0,0,0,0,0,14,0,0,17,0,14,12,0,0,0,0,10,12,0,16,0,0,0,20,0,0,0,0,25,0,0,0,0,0,0,31,10,0,0,0,0,0,0,22,80,16,0,0,0,0,0,17,0,11,0,0,0,0,0,0,0,0,0
1,0,18,0,0,25,14,0,0,0,14,0,0,25,25,0,14,0,0,0,0,14,0,0,10,18,0,0,0,0,0,0,28,0,17,0,15,0,0,0,0,0,0,37,15,0,0,0,16,16,10,13,0,18,21,0,0,0,0,0,0,0,0,0,0,0,0,0,0,0,0,19,0,0,0,0,0,0,23,0,0,0,15,0,0,27,0,0,10,0,0,16,0,15,0,13,0,15,0,0,0,0,0,0,12,17,0,16,11,0,0,0,0,0,0,0,0,0,0,0,10,0,0,0,0,0,0,16,0,10,13,13,0,90,0,0,10,0,0,18,0,20,0,0,0,11,0,0,0,0,0
1,28,0,0,68,10,0,0,0,13,0,0,0,26,10,0,0,0,0,0,0,0,20,12,0,10,30,0,0,0,0,0,20,0,0,0,0,0,33,0,0,10,0,0,0,0,0,0,31,0,23,14,0,0,120,0,0,0,0,0,0,0,0,0,0,14,13,0,0,0,0,0,0,0,0,20,0,0,20,0,0,37,0,0,0,0,0,0,0,14,0,0,0,0,0,0,10,0,0,14,0,0,16,0,0,0,0,0,13,0,15,0,12,0,0,0,28,0,0,0,0,0,0,32,19,0,0,28,0,0,0,14,0,0,0,11,0,0,0,0,0,0,0,0,0,0,35,12,0,0,0
1,17,0,0,0,0,111,0,0,0,0,15,0,0,0,0,115,0,0,0,0,19,39,17,0,0,28,0,0,0,14,0,0,0,0,0,0,0,0,0,0,16,0,0,0,0,0,0,0,0,16,27,0,20,20,0,0,0,0,0,0,0,0,0,0,10,0,0,0,0,0,0,0,14,0,0,0,0,0,0,22,59,0,43,0,0,0,0,0,0,0,0,0,0,0,0,16,0,0,0,0,0,0,0,0,12,0,0,0,0,0,0,0,0,0,0,12,0,0,0,0,0,0,19,0,0,0,0,0,0,0,28,0,25,0,0,0,0,0,18,0,0,0,0,0,0,0,0,0,0,0
1,11,0,12,0,15,13,0,11,0,0,11,0,0,35,13,14,0,0,68,0,0,0,22,19,42,20,0,18,0,16,0,0,0,0,14,12,0,10,0,0,21,0,0,0,14,0,10,19,0,22,15,0,19,16,0,16,0,0,255,10,0,0,11,0,17,0,0,72,0,0,0,10,17,17,0,11,0,18,0,0,0,0,26,10,0,27,19,0,0,0,0,0,26,0,20,21,0,0,0,28,0,0,11,19,12,30,26,0,0,0,70,0,0,0,0,10,10,0,11,12,0,0,13,11,18,0,19,0,0,0,15,255,135,0,14,11,0,0,18,18,10,14,0,0,33,0,0,0,0,14
1,0,0,0,0,0,0,0,0,0,32,17,81,11,10,0,0,0,0,0,0,0,0,0,0,0,0,0,0,0,0,0,12,0,0,0,0,82,11,49,11,0,0,12,40,0,0,0,0,22,0,0,0,11,0,0,0,0,255,0,0,0,0,0,0,10,0,0,0,0,0,52,0,0,0,153,0,0,0,55,0,0,22,47,0,0,0,0,34,0,0,0,48,0,0,0,0,0,0,0,0,0,50,0,0,10,14,0,0,0,0,0,57,0,0,0,25,0,0,0,0,0,0,0,0,0,0,0,0,0,15,0,0,0,255,0,0,0,0,10,0,0,0,0,0,0,28,0,0,0,0
1,0,0,0,0,0,0,0,0,0,0,0,0,0,0,0,0,0,0,0,0,0,0,0,0,0,19,14,0,0,0,0,0,0,0,0,0,0,0,0,0,27,0,0,0,0,0,0,0,13,15,13,0,0,16,0,0,0,0,0,0,0,0,0,0,11,0,0,0,0,0,0,0,0,0,0,0,0,0,0,0,0,13,0,0,10,0,0,0,0,0,0,0,0,0,0,27,0,0,0,0,11,0,0,0,15,0,0,0,0,0,0,0,0,0,0,0,0,0,0,0,0,0,15,0,17,0,0,0,0,0,13,0,0,0,0,0,0,0,0,0,0,0,0,0,0,0,0,0,0,0
1,28,0,12,45,0,0,0,11,0,0,17,0,0,10,0,0,0,0,21,0,0,0,43,0,0,0,0,0,0,0,16,0,0,0,0,0,0,0,0,0,0,0,0,0,0,0,0,0,13,13,0,0,0,0,0,0,0,0,0,0,34,0,0,0,0,0,0,0,0,0,0,0,0,0,13,0,0,0,0,0,34,12,49,0,0,0,0,0,0,0,0,0,10,0,0,0,0,0,0,0,10,0,0,0,0,0,11,0,14,0,21,0,11,11,14,0,0,0,0,0,10,0,0,0,16,0,0,12,0,0,0,0,0,0,0,0,0,13,0,0,0,0,0,12,14,32,0,0,23,0
1,0,0,11,0,14,0,0,11,0,0,0,0,0,25,0,0,0,0,0,0,0,0,0,0,13,43,0,0,0,0,0,10,0,0,0,0,0,0,0,0,45,0,0,0,0,0,0,14,0,10,23,0,0,10,0,0,0,0,0,0,0,0,0,0,0,0,0,0,0,0,0,0,0,0,0,0,0,0,0,0,0,0,17,0,0,0,0,0,0,0,0,0,0,0,10,47,0,0,0,0,11,14,0,0,0,0,0,0,0,0,0,0,0,0,0,0,0,0,0,0,0,0,25,0,36,0,14,0,0,0,26,0,0,0,0,0,0,0,0,0,0,0,10,0,0,13,0,0,0,0
2,0,32,16,0,0,0,0,14,0,23,0,37,0,0,11,0,0,0,0,0,0,0,32,0,0,0,0,20,18,0,0,0,0,0,16,15,36,0,52,18,17,0,0,30,0,0,23,0,17,0,0,13,0,0,0,12,0,0,0,17,0,0,0,13,0,0,11,0,15,0,0,21,0,29,68,19,0,0,0,14,0,16,0,0,0,0,0,0,0,0,13,0,0,18,0,18,15,0,0,0,23,0,0,13,22,16,0,10,0,0,0,59,0,0,0,0,22,0,0,16,0,0,0,0,0,0,0,0,15,18,0,0,0,0,11,10,0,20,0,19,14,0,0,0,0,0,0,19,0,14
2,0,0,0,0,18,0,0,0,0,28,0,12,13,0,0,0,0,0,0,0,0,24,0,0,0,0,0,0,0,17,0,0,0,0,0,0,12,0,10,36,0,0,0,0,0,0,19,0,32,0,0,0,0,0,0,15,0,63,0,0,0,0,0,0,0,0,0,0,0,0,0,18,0,0,116,0,0,0,0,10,0,33,0,0,0,0,0,196,0,0,22,0,0,0,0,0,29,0,0,0,0,0,24,0,0,0,0,0,0,0,0,46,0,0,0,0,19,0,0,0,0,0,0,0,0,0,0,0,15,13,0,0,0,64,0,0,0,0,0,0,0,0,0,0,0,0,0,0,0,0
2,0,0,16,0,0,0,16,15,0,0,0,0,0,0,0,0,0,0,0,0,0,0,15,0,0,0,0,0,0,0,0,0,0,0,0,26,0,0,0,0,0,0,18,17,0,0,0,13,0,0,0,0,0,22,0,0,0,0,0,0,10,0,0,0,11,0,0,0,0,0,22,0,0,0,0,0,0,21,0,12,0,0,0,0,26,0,0,0,0,0,0,0,11,0,0,0,0,0,0,0,0,0,0,0,13,12,11,0,0,0,0,0,17,11,10,0,0,0,0,0,0,0,0,0,0,0,13,0,0,11,0,0,16,0,14,0,0,0,0,0,10,0,0,0,0,0,0,0,10,0
2,0,0,57,0,25,0,0,55,0,0,0,0,13,0,12,0,0,0,0,0,0,0,0,0,0,0,29,11,0,32,0,30,12,0,18,0,0,15,0,0,0,0,0,0,0,0,14,164,0,0,0,11,12,213,0,0,0,0,0,0,0,19,0,12,0,0,0,0,0,0,0,15,0,14,0,0,0,91,0,0,0,0,0,0,0,0,0,0,15,11,0,0,99,0,17,0,0,0,0,0,0,0,0,0,13,14,98,10,0,0,0,0,0,0,0,15,15,0,77,17,0,31,0,13,28,11,161,0,0,0,0,0,0,0,31,10,0,0,0,12,10,0,26,0,0,0,17,0,0,10
2,0,0,0,0,0,0,0,0,27,0,14,0,0,15,18,0,0,0,0,17,0,0,0,0,0,0,0,11,34,0,0,0,30,0,45,0,0,0,0,0,0,0,17,0,42,0,13,0,0,0,0,10,0,0,0,27,0,0,0,14,0,27,0,0,12,0,10,0,0,0,0,13,0,16,0,15,0,0,0,41,0,0,0,0,0,0,0,0,0,32,0,0,0,0,0,0,0,0,0,0,0,0,0,12,14,19,0,0,0,0,0,0,27,0,0,0,13,0,0,0,0,19,0,0,13,0,0,0,27,14,0,0,0,0,0,20,17,0,0,12,19,40,45,0,0,0,0,0,0,19
2,0,0,0,0,0,0,60,0,0,0,0,26,0,0,0,0,0,31,140,0,0,0,10,0,12,0,0,0,0,0,0,0,0,0,0,21,26,0,30,0,0,0,0,0,0,0,0,11,0,0,0,0,0,11,0,0,0,0,255,0,22,0,0,0,13,12,0,43,0,0,0,0,0,0,13,0,0,0,0,0,0,0,0,28,0,86,10,0,0,0,0,0,11,0,0,0,10,0,0,86,10,0,0,0,0,0,11,0,0,10,138,12,0,0,0,0,0,0,0,0,0,0,0,0,0,0,11,0,0,0,0,255,0,0,0,0,0,0,0,0,0,0,0,0,73,0,0,0,10,0
0,0,0,12,0,11,0,0,12,0,0,11,0,0,0,0,0,18,0,0,0,16,0,15,0,0,0,0,13,0,0,0,0,0,0,0,0,0,0,0,10,0,0,0,0,0,0,0,0,10,27,0,0,13,0,0,0,11,0,0,0,0,0,0,0,11,0,0,0,0,0,0,0,0,0,0,13,26,0,0,0,0,11,0,0,0,0,0,0,0,0,0,0,0,10,11,0,0,0,0,0,0,0,0,0,0,0,0,0,0,0,0,0,0,0,0,0,0,0,0,0,0,0,0,0,0,0,0,0,0,0,0,0,25,0,12,0,0,0,14,11,0,0,0,0,10,0,0,0,0,0
0,0,0,0,0,0,0,0,0,0,0,0,30,10,0,0,0,0,39,0,0,0,0,0,0,0,0,0,10,0,0,0,0,25,0,20,0,30,0,19,19,0,0,12,0,29,0,0,0,26,12,0,0,0,0,19,19,0,0,0,0,0,19,0,15,0,0,0,0,15,0,0,0,0,27,39,0,0,0,20,0,23,27,0,64,0,0,0,0,0,25,23,0,0,16,0,0,28,0,0,0,0,0,0,0,0,14,0,40,0,0,0,19,0,0,0,0,0,0,0,15,0,0,0,0,0,49,0,0,0,28,0,0,0,0,0,12,12,10,0,10,0,29,19,0,0,0,0,16,0,0
2,0,14,0,0,0,0,35,0,0,10,11,101,22,11,0,0,0,202,10,0,0,0,10,0,0,10,0,0,0,0,0,31,0,0,12,0,96,11,0,0,0,0,16,0,0,0,0,0,23,0,0,0,0,0,0,0,50,0,0,0,0,0,0,21,14,0,0,0,0,0,0,0,0,0,0,11,0,29,37,0,0,25,25,242,0,0,0,0,0,0,0,0,0,19,11,0,0,0,0,0,0,0,18,13,0,0,0,0,0,0,13,63,0,0,0,12,0,0,0,12,0,0,0,0,19,0,0,0,0,0,0,0,0,0,14,0,0,0,0,0,0,0,0,0,0,0,0,18,11,0
0,0,0,0,0,0,18,12,0,0,0,0,0,14,0,0,18,11,0,88,0,13,0,0,0,11,0,0,0,0,0,15,12,0,0,0,0,0,10,0,11,0,0,14,0,0,16,0,0,0,0,0,0,0,0,0,0,10,0,166,0,14,0,0,0,0,0,0,0,0,0,0,0,0,0,0,0,0,0,10,0,10,0,27,0,0,20,0,10,0,0,0,0,0,13,10,0,0,0,10,21,15,0,0,0,0,18,0,0,0,0,92,0,0,0,0,38,0,0,17,0,0,0,0,11,16,0,0,0,0,0,0,165,0,0,0,0,0,0,0,0,0,0,0,0,39,0,0,13,0,0
0,0,194,0,0,0,0,10,0,0,0,0,88,0,0,0,0,0,30,0,0,0,0,0,0,0,0,22,16,0,0,0,0,20,0,26,16,87,0,0,0,0,0,0,0,21,0,11,0,57,0,0,29,0,0,0,19,38,0,0,0,0,15,0,0,0,0,0,0,0,0,0,12,0,16,0,0,73,0,0,13,38,61,0,49,0,0,0,0,0,17,0,0,0,11,0,0,0,0,0,0,0,0,0,0,19,0,0,0,0,0,0,82,0,0,0,0,11,0,0,14,0,0,0,0,13,33,0,0,15,0,0,0,0,0,0,12,0,0,0,16,23,21,19,0,0,0,0,11,0,0
0,0,0,0,0,13,0,0,0,0,12,0,0,0,0,12,0,0,0,0,0,0,0,0,0,0,0,0,0,0,0,0,0,11,0,10,0,0,0,0,19,0,0,10,0,0,0,0,0,0,0,0,12,0,0,0,10,0,0,13,0,0,0,0,11,0,0,0,18,10,0,0,0,0,11,0,0,0,0,0,0,27,0,0,0,12,0,0,0,0,10,16,0,0,11,0,0,18,0,0,0,0,98,0,0,0,0,0,0,0,0,0,0,0,0,0,0,0,21,0,11,0,0,0,0,0,0,0,24,0,0,0,13,0,0,0,10,0,0,0,0,0,0,0,0,12,64,0,13,0,12
0,0,35,0,0,23,0,0,0,0,0,0,0,0,0,0,0,0,10,28,0,0,0,23,0,11,0,0,0,0,0,0,0,25,0,23,13,0,13,0,23,0,0,13,25,39,0,0,12,31,0,0,0,0,15,11,13,13,255,99,0,0,25,0,0,0,0,0,0,0,0,0,0,0,10,108,0,0,0,31,0,42,32,14,12,0,16,0,87,0,23,0,14,0,23,13,0,10,0,12,17,0,0,0,0,0,0,0,0,0,27,28,62,0,0,0,0,0,42,0,12,0,0,0,11,0,0,12,0,22,26,0,97,25,255,0,12,0,0,0,0,12,39,21,0,10,0,0,23,0,0
2,0,0,32,0,19,0,0,35,19,0,27,13,33,45,17,0,0,13,43,19,16,0,19,24,38,0,0,28,0,13,27,20,0,0,17,39,13,34,0,0,0,21,30,0,27,0,24,0,0,0,0,13,33,37,0,0,0,0,0,18,16,0,10,16,19,0,19,0,10,12,0,22,45,18,0,17,0,11,0,89,0,0,21,13,0,13,0,0,0,0,0,0,36,22,14,0,0,0,26,14,0,0,16,42,14,25,36,0,23,0,43,0,0,17,14,53,25,0,16,14,0,18,0,35,20,0,0,0,23,0,0,0,40,0,0,12,0,0,30,28,11,27,0,16,21,0,13,22,0,19
0,0,0,15,0,0,0,0,14,0,0,0,0,11,0,13,0,16,0,0,0,0,0,95,0,0,0,0,46,12,38,0,0,87,0,68,40,0,0,0,0,0,0,0,0,58,0,30,0,0,22,0,0,0,0,0,0,0,0,0,0,0,50,0,15,0,0,0,0,18,0,0,29,0,57,0,0,14,0,0,14,0,0,0,0,0,0,0,0,0,83,0,0,0,33,0,0,0,0,0,0,0,0,0,0,0,15,0,0,0,0,0,0,27,0,0,0,29,0,0,33,0,0,0,0,0,0,0,0,0,0,0,0,0,0,69,15,0,0,0,45,0,57,0,0,0,0,0,31,0,0
0,0,0,12,0,0,0,0,11,0,22,0,0,21,0,0,0,0,0,0,0,0,0,0,0,0,0,0,24,0,0,0,22,42,0,50,0,0,0,104,19,0,0,24,0,62,0,18,0,38,21,0,24,0,0,16,25,0,0,0,0,0,33,0,11,0,0,22,0,0,0,0,19,18,24,0,19,0,0,0,0,25,38,0,0,0,0,0,0,0,41,32,0,0,38,0,0,32,0,0,0,0,0,0,0,0,0,0,28,12,0,0,0,10,0,0,0,19,0,0,22,0,0,0,0,0,0,0,0,12,18,0,0,0,0,24,0,0,0,0,24,0,63,53,0,12,0,0,39,0,0
0,0,0,40,0,69,0,43,36,0,0,19,0,12,35,0,0,0,0,13,0,0,0,0,0,0,0,0,13,28,16,15,15,0,0,0,16,0,42,0,0,0,18,20,0,0,42,0,172,0,17,0,42,41,34,0,16,0,0,0,0,36,0,0,0,11,10,0,0,0,60,0,0,0,0,0,0,0,130,0,23,0,0,90,0,0,0,0,0,0,0,0,0,45,0,30,0,0,0,91,0,16,0,40,0,0,43,47,0,0,0,13,0,0,14,10,70,0,0,53,0,0,27,0,40,18,0,169,0,0,0,0,0,0,0,14,0,27,0,41,14,0,0,0,0,27,20,11,0,18,0
2,0,0,15,23,0,13,0,15,22,0,12,0,19,20,0,13,0,0,0,18,0,0,0,0,24,0,31,0,13,0,0,25,0,0,0,12,0,11,0,0,0,0,0,0,0,0,10,21,0,0,0,0,11,39,0,0,0,0,0,0,10,0,0,0,19,0,0,0,0,12,0,10,0,0,0,0,0,13,0,0,0,0,0,0,0,0,0,0,13,0,0,0,15,0,0,0,0,0,0,0,0,0,13,10,17,11,15,0,0,0,0,0,13,0,0,20,10,0,0,0,0,17,0,0,0,0,21,0,0,0,0,0,0,0,14,0,18,0,10,0,11,0,0,0,0,0,0,0,0,0
2,0,0,0,0,0,0,23,0,0,23,0,0,15,0,0,0,0,0,0,0,0,0,80,0,0,0,0,0,24,0,0,15,39,0,28,39,0,54,0,0,0,0,11,29,34,19,12,0,0,0,0,0,0,0,0,0,0,0,0,0,0,22,0,19,0,0,0,0,0,25,24,11,0,24,0,0,0,0,0,32,0,0,0,0,0,0,0,38,20,38,12,0,0,0,20,0,12,11,26,0,10,0,0,0,0,16,0,14,0,0,0,0,14,0,0,70,12,0,0,10,0,0,0,28,0,0,0,0,0,14,0,0,0,0,13,13,13,0,0,0,0,34,31,0,0,0,24,0,0,0
0,0,10,0,0,0,0,0,0,0,0,13,0,18,0,10,0,0,0,10,0,0,0,0,0,0,0,10,18,12,0,0,19,17,0,21,0,0,0,0,0,0,0,17,0,16,0,0,89,10,0,0,29,0,165,0,0,0,0,0,0,0,22,0,21,12,0,15,0,0,0,0,0,0,20,0,0,0,51,0,0,0,10,0,0,0,0,0,0,0,18,0,0,0,21,0,0,0,21,0,0,0,0,0,0,12,12,0,0,42,0,0,0,33,0,0,0,0,0,0,27,0,0,0,0,14,0,89,0,22,0,0,0,0,0,25,0,0,0,0,18,0,16,0,41,0,0,0,23,16,0
2,0,0,0,0,15,11,12,0,0,0,0,0,11,0,0,11,0,0,22,0,0,0,0,16,10,11,0,0,10,0,45,16,0,0,0,13,0,34,0,0,0,0,0,0,0,0,0,20,0,0,0,0,0,0,0,0,0,0,0,0,0,0,13,0,0,0,0,0,0,13,0,0,0,0,0,0,0,34,0,0,0,0,60,0,0,33,0,0,0,0,0,0,11,0,0,0,0,28,0,33,0,0,0,0,11,0,11,0,0,0,20,0,0,0,0,37,0,0,0,0,0,0,0,0,17,0,20,0,0,0,0,0,42,0,0,0,0,0,0,0,0,0,0,0,16,0,22,0,15,0
0,0,0,0,0,0,0,0,0,0,0,0,14,12,0,0,0,0,0,17,0,0,0,0,0,0,0,0,0,10,0,0,10,0,0,0,13,14,24,19,22,0,0,16,0,0,10,0,33,39,0,0,24,16,67,32,16,0,41,15,0,12,0,0,0,0,0,0,0,0,29,16,0,0,11,45,10,0,0,0,0,46,39,62,0,0,16,0,16,0,0,14,0,0,0,12,0,14,0,21,16,0,0,0,0,0,0,0,0,0,0,18,30,0,0,0,43,0,0,0,0,0,0,0,31,12,0,33,0,10,10,0,15,10,38,20,0,13,13,14,0,0,0,0,0,0,0,0,0,0,0
0,0,0,0,171,0,28,0,0,0,0,0,0,12,25,0,29,0,0,0,0,0,10,16,0,0,0,0,0,0,13,0,0,28,0,17,0,0,45,0,0,0,0,11,0,18,17,0,73,0,0,0,0,13,255,0,0,0,0,0,0,0,11,0,64,0,0,0,0,0,17,0,0,0,0,0,0,88,18,0,18,20,0,0,0,0,0,25,0,11,26,0,0,0,32,23,0,0,0,16,0,0,0,0,0,15,18,0,0,0,0,0,0,0,0,0,29,0,0,0,46,0,0,0,36,51,0,73,0,20,0,0,0,0,0,0,0,0,0,14,0,0,18,0,0,0,0,13,33,0,0
0,0,0,12,0,0,0,0,10,0,0,0,0,0,0,12,0,0,0,0,0,0,0,0,0,0,0,0,20,0,0,0,0,41,0,53,23,0,0,0,0,0,0,11,0,24,0,19,0,0,0,0,0,0,0,0,24,0,0,0,0,0,36,0,30,0,0,20,0,31,0,0,13,0,21,0,0,84,0,0,0,0,0,0,0,0,0,0,0,0,42,0,0,10,24,0,0,0,0,0,0,0,0,0,0,22,22,10,0,0,0,0,0,15,0,0,0,16,132,14,0,0,0,0,0,0,0,0,0,10,0,0,0,0,0,0,15,0,0,0,21,24,26,20,0,0,0,0,23,0,0
0,0,0,11,0,33,0,0,11,0,0,11,20,0,10,0,0,0,18,0,0,11,0,10,0,11,0,0,11,10,0,0,0,17,0,11,12,18,16,26,19,0,0,0,0,14,0,0,11,13,10,0,0,17,20,11,0,23,12,0,0,16,13,0,21,16,0,0,0,0,0,10,0,0,24,22,10,0,11,0,12,41,13,0,18,0,0,0,18,0,17,0,11,11,15,22,0,0,0,0,0,0,0,0,0,17,11,10,0,10,0,0,0,0,0,0,21,0,0,0,0,0,19,0,10,0,0,12,12,12,0,0,0,21,12,0,13,13,0,15,11,15,14,0,0,0,0,0,15,12,0
2,0,0,0,0,0,0,20,0,0,0,10,0,0,0,12,0,0,0,0,0,0,0,0,0,0,0,0,10,0,0,0,0,0,0,13,0,0,0,0,0,0,0,0,30,11,0,10,0,0,0,0,13,0,10,0,11,0,0,0,13,0,0,0,0,12,0,0,166,12,0,31,0,0,0,0,16,0,0,0,0,0,0,0,0,0,0,15,0,0,0,25,0,0,0,0,0,19,0,0,0,0,0,0,0,0,0,0,10,0,0,0,0,0,0,0,0,0,0,0,12,0,0,0,0,0,0,0,24,0,32,0,0,0,0,0,14,0,0,0,10,0,10,0,0,0,0,0,0,0,10
0,0,42,0,0,14,0,0,0,0,0,10,0,0,20,0,0,0,0,0,0,0,0,0,0,0,13,0,0,15,0,18,0,0,0,0,0,0,0,0,0,0,0,0,0,0,0,0,14,19,0,0,0,13,20,0,0,0,0,0,0,15,0,0,12,37,0,0,17,0,0,0,0,0,0,0,0,0,0,0,0,36,18,57,0,0,0,0,0,0,0,0,0,0,11,0,0,0,0,0,0,11,0,0,0,16,12,0,0,14,0,0,0,0,0,0,0,0,0,12,0,0,0,0,0,14,0,14,0,0,0,0,0,0,0,0,0,0,0,11,0,12,0,0,10,17,0,0,10,0,0
2,0,0,0,0,39,0,0,10,0,0,37,0,23,22,17,0,0,66,0,0,0,0,27,83,44,0,0,25,20,0,31,20,0,0,71,19,0,11,0,13,0,13,10,34,12,0,15,34,14,12,0,0,26,105,0,0,30,0,19,16,18,10,27,18,59,11,0,0,0,0,50,15,20,28,12,15,10,64,0,15,0,14,13,88,0,0,0,30,0,0,0,0,15,28,30,0,0,0,12,0,18,0,18,22,0,48,15,0,0,0,0,16,19,19,21,0,15,0,15,21,0,0,10,0,27,0,33,0,34,0,0,19,0,0,0,15,14,0,24,25,0,12,0,0,16,0,0,29,10,18
0,0,0,0,0,13,0,0,0,0,79,0,0,0,0,0,0,0,0,0,0,0,0,15,0,0,0,0,11,0,0,0,0,12,83,11,12,0,24,55,45,0,0,0,85,16,0,10,0,10,0,0,0,11,0,24,0,0,0,0,0,0,13,0,10,0,0,0,0,0,0,76,0,0,0,23,0,0,0,0,0,0,10,0,0,0,0,0,17,10,13,0,75,0,14,11,0,0,0,0,0,0,16,0,0,0,0,0,0,0,0,0,0,0,0,0,13,0,0,0,12,0,13,0,13,16,0,0,12,0,18,0,0,0,0,16,0,0,0,0,11,0,13,0,0,10,0,0,14,0,0
2,0,0,12,0,0,0,0,10,40,0,35,10,0,0,0,0,0,0,0,25,0,0,21,0,0,0,0,12,0,20,0,0,0,90,14,0,10,53,0,13,0,0,10,33,10,18,11,36,15,0,0,12,13,192,18,13,0,0,16,0,0,0,0,11,21,0,16,0,0,0,32,13,0,0,52,0,0,49,0,0,0,15,0,0,0,0,0,0,0,0,28,103,20,0,16,0,27,0,38,0,0,12,10,0,0,0,20,30,0,52,0,20,0,0,0,52,12,0,0,0,0,0,0,19,0,0,34,0,0,22,0,16,18,0,14,0,0,0,14,12,0,10,0,0,0,0,21,0,0,0
0,0,0,0,0,0,0,11,0,0,0,0,0,0,11,0,0,17,0,149,0,0,0,0,0,10,0,0,0,0,17,0,0,0,0,0,11,0,11,0,0,0,0,10,0,0,0,0,0,0,10,0,0,10,0,0,0,0,0,157,0,0,0,0,0,13,0,0,0,0,0,0,0,0,0,0,0,0,0,0,0,0,0,0,0,0,29,0,0,0,0,0,0,0,11,13,0,0,0,0,29,0,0,16,0,0,14,0,28,0,0,147,0,0,0,0,11,0,0,0,14,0,25,0,0,25,0,0,0,10,0,0,157,0,0,0,0,0,0,0,0,0,0,0,0,27,0,0,12,0,0
2,0,70,0,0,0,0,255,0,0,52,0,54,0,0,11,0,0,62,0,0,0,0,0,0,0,0,0,0,0,0,0,0,24,0,22,12,52,0,0,54,0,0,0,15,17,0,12,0,63,0,0,0,0,0,25,22,0,0,0,0,0,0,0,20,0,0,0,0,11,0,12,11,0,0,45,0,0,0,15,0,0,62,0,105,0,0,0,60,0,24,0,30,0,0,0,0,0,0,0,0,0,0,0,14,0,11,0,0,0,21,0,53,0,0,0,0,11,0,0,13,0,23,0,0,0,0,0,0,0,24,0,0,0,0,0,12,38,0,0,0,0,18,21,0,0,0,0,0,0,0
0,0,0,10,0,12,0,0,10,0,0,0,15,0,0,0,0,0,0,0,0,0,0,0,0,0,0,0,17,13,0,0,0,30,0,31,0,15,0,0,22,0,0,0,12,36,0,0,0,13,0,0,0,23,0,21,10,0,0,0,12,0,20,0,13,0,0,0,0,0,0,0,0,0,17,14,14,0,0,0,22,47,13,0,0,0,0,30,0,0,31,0,0,10,16,13,0,0,0,0,0,0,13,0,0,0,0,10,0,12,0,0,0,0,0,0,0,0,0,0,16,0,0,0,0,0,0,0,25,0,33,0,0,132,0,0,0,0,0,19,17,0,35,11,0,0,0,0,16,0,0
0,0,0,10,0,18,0,0,0,0,20,23,34,10,0,0,0,0,39,0,0,0,0,20,0,0,0,0,0,0,0,0,0,17,0,18,14,34,39,0,17,0,0,10,0,18,0,0,0,0,13,0,0,0,0,15,0,77,0,0,0,0,10,0,0,13,0,0,0,0,10,0,0,0,22,0,0,89,0,0,0,25,0,0,27,0,0,10,0,20,16,0,0,19,11,0,0,49,0,42,0,13,0,0,0,12,22,19,0,0,0,0,0,0,0,0,61,0,0,10,16,0,0,0,34,0,0,0,26,0,14,0,0,0,0,0,0,0,0,0,0,0,17,12,0,0,0,21,11,0,0
1,26,0,41,0,0,0,0,38,0,0,13,32,0,0,0,0,0,0,0,0,0,0,13,0,15,0,0,0,0,0,78,0,0,0,0,0,31,0,0,0,0,0,0,0,0,0,0,0,0,12,0,0,13,0,0,0,0,0,0,0,0,0,0,0,0,12,0,0,0,0,0,0,0,11,0,0,0,0,0,10,36,0,133,0,0,0,39,0,0,0,0,0,34,0,12,0,0,0,0,0,0,0,0,0,0,0,35,0,0,0,0,0,17,0,0,0,0,0,24,11,0,0,0,0,0,0,0,0,0,0,0,0,0,0,0,0,0,0,11,0,0,0,0,0,0,0,0,0,12,10
0,0,0,0,0,45,0,0,0,0,0,18,0,0,0,0,0,0,0,0,0,0,15,0,12,16,0,0,0,0,0,13,0,0,0,0,32,0,0,0,0,12,0,0,11,0,0,0,23,0,11,14,0,20,47,0,0,0,0,0,0,0,0,16,11,12,0,0,0,0,0,20,0,0,0,0,0,0,0,0,0,0,0,0,0,0,0,0,15,0,0,0,0,0,12,0,12,0,0,0,0,15,0,0,20,0,23,0,0,0,0,0,0,0,10,10,0,0,0,0,0,0,0,35,0,0,0,24,0,0,0,14,0,34,0,0,0,0,0,21,0,0,0,0,0,11,0,0,11,0,0
2,0,0,0,0,23,0,0,0,35,30,27,66,16,0,0,0,0,73,0,31,21,0,22,12,14,0,39,0,20,0,0,20,12,0,0,13,65,0,21,13,0,12,12,0,13,0,11,0,0,0,0,0,18,30,0,0,35,0,0,0,0,15,10,11,22,0,0,0,0,0,0,0,15,18,0,0,22,0,0,42,0,0,0,86,0,0,0,0,0,12,27,0,12,22,16,0,27,0,0,0,11,0,0,30,17,13,12,0,0,0,0,0,0,0,0,14,12,0,0,24,0,0,0,0,0,0,0,0,18,15,0,0,26,0,0,14,22,0,20,0,16,13,0,0,0,0,12,23,0,0
2,0,0,81,0,14,0,0,77,12,0,15,10,20,0,0,0,10,0,0,12,0,0,25,0,0,0,50,14,11,0,0,0,32,0,26,0,10,0,0,19,0,10,14,0,34,0,14,0,15,0,0,58,0,0,0,0,0,0,0,0,0,21,0,14,18,0,0,21,18,0,0,14,0,27,10,0,0,0,0,10,0,14,0,0,0,0,0,0,0,33,0,0,53,19,0,0,0,0,0,0,10,23,0,13,0,17,51,0,20,18,0,0,0,0,0,0,14,0,46,10,0,0,0,0,11,0,0,0,13,0,0,0,0,0,0,0,0,0,0,14,0,34,18,18,0,14,0,19,0,0
0,14,0,22,0,44,0,21,21,0,33,0,28,12,0,0,0,0,0,0,0,0,0,0,0,0,0,0,21,0,0,0,11,17,0,43,0,28,17,0,48,0,0,0,72,32,0,12,24,20,0,0,14,13,0,37,21,0,61,0,0,0,22,0,11,0,0,11,0,12,12,36,13,0,30,0,0,0,26,0,0,0,21,0,0,0,0,0,88,0,18,36,58,14,10,0,0,27,0,11,0,13,0,0,0,12,19,14,0,0,0,0,0,0,0,0,23,12,0,13,10,118,20,0,0,0,0,26,20,23,28,0,0,11,63,0,0,0,0,15,21,11,31,17,0,0,0,0,10,0,0
2,0,0,11,0,0,0,11,10,0,30,13,16,0,0,14,0,0,10,0,15,0,0,0,0,0,0,0,0,0,16,0,0,25,0,16,0,16,0,0,25,0,0,0,12,23,0,10,0,0,0,0,0,0,13,0,10,0,0,0,0,26,0,18,0,10,0,0,0,0,0,16,0,0,11,0,0,59,0,0,0,0,0,0,10,0,0,0,0,0,25,26,0,0,0,11,0,26,0,0,0,0,0,21,0,0,0,0,0,0,65,0,11,10,0,0,0,0,0,10,0,0,0,0,0,17,0,0,0,0,18,0,0,0,0,10,13,0,0,0,0,0,22,28,0,0,0,0,0,0,0
0,0,0,0,0,21,0,0,0,0,0,17,0,12,10,0,0,0,0,0,0,0,0,10,0,0,16,0,0,0,17,0,13,18,0,0,56,0,21,0,0,0,0,33,0,11,0,0,0,13,26,0,0,12,10,0,0,0,0,0,0,0,13,0,0,14,13,0,0,0,0,0,0,0,0,0,0,0,0,0,14,63,13,0,0,0,0,0,0,0,14,0,0,0,0,0,0,0,0,10,0,0,0,25,0,0,0,0,15,0,0,0,0,0,13,13,13,0,0,0,0,0,0,0,14,10,0,0,0,0,0,0,0,20,0,0,0,0,0,0,0,0,10,0,0,19,22,0,0,0,0
2,0,0,0,0,40,0,0,0,0,0,0,0,11,15,11,0,0,0,0,0,13,25,16,10,0,0,15,0,0,19,0,11,0,0,0,0,0,0,0,0,0,0,0,0,0,0,10,0,0,0,0,0,12,53,0,0,0,0,0,0,0,0,32,0,20,0,17,0,0,0,0,10,0,10,0,0,0,42,0,0,0,0,14,0,23,0,0,0,0,0,0,0,0,16,0,0,0,12,0,0,18,0,0,15,0,0,0,0,0,0,0,0,21,0,0,0,10,0,0,14,0,0,0,0,92,0,0,0,15,0,0,0,35,0,0,11,0,0,10,0,10,0,14,0,0,0,0,16,0,10
2,0,0,0,31,11,0,12,0,0,0,0,0,0,13,10,0,0,0,34,0,0,10,23,0,16,10,0,0,0,0,0,0,0,0,0,11,0,23,0,10,0,0,0,0,0,0,0,0,12,0,0,0,0,0,0,0,0,22,0,0,20,0,0,0,15,0,0,0,0,0,0,0,0,0,13,0,0,0,0,0,24,11,0,0,30,30,0,0,0,0,0,0,10,0,0,0,0,0,14,33,13,0,0,0,0,0,10,0,0,0,35,15,0,0,0,12,0,0,0,0,26,0,0,14,22,0,0,0,0,0,0,0,0,21,11,0,0,0,0,0,0,0,0,0,20,0,14,0,11,0
2,0,0,19,0,0,67,0,22,0,0,0,0,13,0,0,67,0,0,0,0,42,26,0,0,13,15,0,0,0,0,15,11,0,17,0,13,0,0,0,0,15,0,18,0,0,0,0,0,0,13,0,0,0,0,0,0,0,0,0,0,20,0,0,0,0,0,0,0,0,0,0,0,0,0,0,0,0,0,0,21,0,0,19,0,13,0,0,0,0,0,0,0,10,0,15,15,0,0,0,0,0,0,0,0,0,0,11,0,0,0,0,0,0,0,0,0,0,0,0,0,0,0,0,0,0,0,0,0,0,0,0,0,140,0,0,0,11,0,0,0,0,0,0,0,17,0,0,0,10,0
2,0,0,0,0,0,0,0,0,0,0,0,0,23,0,0,0,0,0,0,0,14,0,0,0,24,0,58,0,0,26,0,16,12,22,10,10,0,12,0,0,0,0,0,0,14,0,0,0,0,0,0,0,12,0,0,0,0,0,0,0,0,12,0,0,0,0,0,0,0,0,0,0,0,0,0,0,0,0,0,13,0,0,0,0,0,0,35,0,0,11,0,0,12,0,0,0,0,0,0,0,16,0,14,11,20,0,12,14,14,0,0,0,0,0,0,0,0,0,0,0,0,19,0,0,10,0,0,0,0,0,0,0,48,0,20,0,0,0,11,0,11,14,17,10,0,0,10,0,0,0
2,0,0,13,0,0,0,0,12,0,0,0,0,18,0,14,0,0,0,0,0,0,0,0,0,12,11,0,0,21,0,0,16,18,0,0,0,0,0,0,0,12,0,11,0,15,0,0,0,0,16,0,0,0,0,0,12,0,0,0,0,0,0,10,0,15,0,0,0,0,0,0,0,0,0,0,12,0,0,0,0,0,0,0,0,35,0,0,0,0,17,0,0,0,0,0,13,0,0,0,0,0,0,0,10,10,0,0,0,0,0,0,0,21,0,0,0,0,0,0,0,0,0,19,0,17,0,0,0,0,0,0,0,0,0,0,15,23,11,0,0,0,16,14,0,0,0,0,0,38,0
2,0,0,0,0,10,0,0,0,10,0,0,0,0,20,0,0,0,0,0,10,0,0,0,0,0,13,0,0,13,21,0,0,0,0,0,10,0,11,0,0,0,0,0,0,0,0,0,0,0,0,0,0,11,19,0,0,0,0,0,0,0,0,0,0,11,16,0,0,0,0,0,0,11,0,0,0,0,0,0,0,0,0,0,0,0,0,15,0,0,0,0,0,0,0,0,0,0,12,0,0,20,0,12,0,0,18,0,0,0,0,0,0,0,25,22,10,0,0,0,0,0,0,0,0,17,0,0,0,0,0,0,0,0,0,0,0,0,0,12,0,0,0,0,0,14,0,0,0,11,0
2,0,0,0,0,0,0,0,0,0,0,0,0,0,11,20,0,0,0,0,0,0,0,36,0,0,24,0,0,0,0,0,0,0,0,10,0,0,0,0,0,0,0,0,0,10,0,15,0,0,28,0,0,0,0,0,0,0,0,0,12,0,0,0,10,0,0,0,0,11,0,0,15,0,0,0,13,0,0,0,0,14,0,0,0,0,0,0,0,0,0,0,0,0,0,0,0,0,0,0,0,0,22,0,11,10,0,0,11,0,0,0,0,40,0,0,0,15,0,0,0,0,0,85,0,0,0,0,0,0,0,0,0,0,0,0,24,0,0,0,0,11,10,11,0,0,22,0,0,0,13
2,0,0,11,0,0,63,22,11,0,0,0,10,0,0,0,63,0,0,0,0,0,30,0,0,0,10,0,0,0,16,0,0,0,0,0,14,10,0,0,0,0,14,0,0,0,0,0,0,0,0,0,0,0,21,0,0,0,20,0,0,19,0,0,0,12,0,0,0,0,0,0,0,0,0,0,0,0,0,0,10,0,0,23,0,10,0,0,0,0,0,0,0,0,0,0,0,0,0,0,0,0,79,0,0,0,11,0,13,0,0,10,0,0,0,0,0,0,0,0,0,0,0,0,0,0,0,0,0,0,0,0,0,21,19,0,0,0,0,0,0,0,0,0,0,0,63,0,0,0,0
2,0,0,29,13,27,46,0,44,0,10,20,0,0,37,11,47,0,0,11,0,30,19,23,0,19,17,0,0,0,14,0,0,0,0,0,19,0,0,0,0,11,0,0,12,0,0,0,13,0,17,13,0,0,19,0,0,0,0,63,12,23,0,0,0,16,0,0,0,0,0,13,0,0,0,0,11,0,0,0,0,0,0,40,0,0,46,0,0,0,0,0,0,18,10,14,13,0,13,0,46,14,0,0,11,0,11,18,0,0,0,0,0,0,0,0,0,0,0,0,14,0,0,10,0,17,0,12,0,0,0,13,63,91,0,18,13,0,0,0,0,0,0,0,0,22,0,0,10,0,10
2,0,0,10,0,0,12,0,0,0,0,0,0,18,19,15,12,0,0,0,13,10,0,29,0,38,11,0,10,0,10,0,15,0,0,0,12,0,13,0,13,0,0,0,21,0,0,10,0,10,15,0,0,13,0,0,13,0,0,0,10,0,0,12,0,18,0,0,0,0,0,27,10,0,11,11,10,0,0,0,0,0,10,0,0,0,0,0,0,0,0,11,0,0,10,14,0,14,0,0,0,13,0,0,16,24,11,0,29,10,0,0,0,0,0,0,0,10,0,0,0,0,0,26,0,11,0,0,0,0,0,0,0,11,0,0,12,0,0,0,10,16,0,0,0,0,0,0,10,0,13
1,0,10,0,0,0,0,30,0,0,0,0,0,11,0,0,0,0,0,0,0,0,0,0,13,0,15,0,0,0,0,15,11,0,0,0,10,0,0,0,0,11,0,15,10,0,0,0,0,10,0,13,0,0,30,0,0,0,0,0,0,0,0,0,0,0,0,0,0,0,0,0,0,0,0,0,0,0,16,0,0,0,11,12,0,0,0,0,0,0,0,0,0,0,0,0,11,0,0,0,0,0,0,0,0,10,0,0,0,0,0,0,0,0,0,0,0,0,36,0,0,0,0,0,0,0,0,0,0,0,0,14,0,0,0,0,0,0,0,0,0,0,0,0,0,0,13,0,0,0,0
1,46,0,50,0,0,0,0,46,11,0,13,12,0,0,12,0,28,0,73,0,0,0,15,0,11,0,0,19,0,42,0,11,0,0,10,28,11,0,0,0,0,0,11,0,0,0,20,0,13,0,0,0,14,0,0,19,0,0,90,11,0,0,0,12,0,0,12,0,13,0,0,19,0,12,0,12,0,0,0,61,38,15,0,0,0,19,0,0,0,0,13,0,20,16,13,0,14,20,0,19,0,0,27,27,14,13,21,0,37,0,74,0,0,0,0,0,19,0,15,23,13,0,0,0,0,15,0,0,21,0,0,94,15,0,18,11,0,0,0,20,24,0,11,15,20,0,0,17,0,0
1,0,0,0,0,0,0,0,0,0,0,0,0,0,0,0,0,0,0,0,0,0,0,0,0,11,47,0,0,0,0,0,0,0,0,0,0,0,0,0,0,0,0,0,0,0,0,0,0,0,0,0,0,0,0,0,0,0,0,0,0,0,0,0,0,0,0,0,0,0,0,0,0,0,0,0,0,0,0,0,0,0,0,11,0,0,0,0,0,0,0,0,0,0,0,0,0,0,0,0,0,0,0,0,0,0,0,0,0,0,0,0,0,0,0,0,0,0,48,0,0,0,0,0,0,10,0,0,0,0,0,0,0,34,0,16,0,0,0,0,0,0,0,0,0,0,0,0,0,0,0
1,0,0,0,0,0,0,0,0,0,0,0,0,0,0,0,0,0,0,0,0,0,0,0,0,0,0,0,0,0,0,0,0,0,0,0,0,0,0,0,0,0,23,0,0,0,0,0,0,0,0,0,0,0,0,0,0,0,0,0,0,0,0,0,0,0,0,0,0,0,0,0,0,0,0,0,0,0,0,0,0,0,0,0,0,0,0,0,0,0,0,0,0,0,0,0,0,0,0,0,0,0,103,0,0,0,0,0,0,0,0,0,0,0,0,0,0,0,0,0,0,0,0,0,0,0,0,0,0,0,0,0,0,0,0,0,0,0,10,0,0,0,0,0,0,0,173,0,0,0,0
1,0,0,0,0,0,94,0,0,0,0,0,14,0,0,13,95,0,0,0,0,0,0,0,18,27,11,0,11,0,0,22,0,0,10,0,35,13,28,0,0,34,0,0,0,0,0,0,0,18,14,29,0,0,0,12,0,0,0,0,13,0,0,19,0,0,0,0,0,0,11,0,0,0,0,0,10,0,0,0,0,0,18,11,0,0,0,0,0,11,0,0,0,0,0,24,34,0,0,0,0,0,0,0,15,15,0,0,20,0,0,0,0,0,0,0,17,0,0,0,17,0,15,17,0,23,0,0,0,0,0,30,0,80,0,21,11,0,0,12,10,13,0,0,0,0,0,0,0,0,10
1,24,0,11,0,10,0,0,11,0,0,13,15,0,0,12,0,0,30,0,0,15,12,0,0,0,0,0,0,12,17,0,0,0,0,0,0,14,0,0,0,0,0,0,0,0,0,0,10,0,13,0,0,11,0,0,31,15,89,0,0,0,0,0,0,0,0,0,15,18,0,0,0,0,0,33,14,0,0,11,0,42,0,0,57,0,0,0,0,0,0,0,0,13,0,0,0,0,0,0,0,0,108,0,13,10,0,13,10,0,0,0,20,0,0,0,0,0,0,0,0,0,0,0,0,0,62,0,0,0,0,0,0,0,89,12,12,0,0,10,0,0,0,0,0,0,37,0,0,0,0
1,0,0,0,0,0,0,0,0,0,0,0,0,15,10,0,0,0,0,0,0,0,0,14,12,0,0,171,0,19,0,11,16,14,0,20,0,0,11,0,0,0,0,16,0,22,0,0,0,0,13,0,21,0,0,0,0,0,0,0,0,0,15,0,15,0,0,0,0,20,23,0,0,0,0,0,0,0,0,0,12,0,0,255,0,0,0,110,0,12,12,0,0,0,0,0,0,0,0,0,0,0,0,0,0,10,0,0,0,0,0,0,0,30,0,0,26,0,0,0,17,0,0,0,10,0,0,0,0,0,0,0,0,0,0,19,0,29,0,0,0,0,21,31,0,0,0,19,0,0,0
1,0,0,0,0,0,0,0,21,0,0,10,12,16,11,0,0,0,13,0,13,0,0,0,0,0,17,10,0,0,16,0,20,0,70,0,27,12,46,0,13,26,0,0,0,0,10,0,0,17,13,29,0,0,30,0,0,24,0,0,0,14,0,0,0,0,0,0,0,0,0,88,0,0,0,0,0,0,0,0,0,0,17,76,41,0,0,0,0,11,0,0,39,0,0,0,27,0,12,15,0,0,10,0,0,0,10,0,0,0,0,0,0,0,0,0,31,0,0,0,0,0,0,0,30,0,37,0,23,0,10,29,0,13,0,14,0,0,17,0,0,0,0,0,0,0,0,22,0,0,0
1,31,0,0,0,0,0,0,0,0,0,0,0,0,0,0,0,0,0,0,0,0,10,19,0,11,36,0,0,0,0,0,0,0,0,0,0,0,0,0,0,0,0,15,0,0,0,0,16,0,0,0,0,11,48,0,0,0,0,0,0,0,0,0,0,0,0,0,0,0,0,0,0,0,0,0,0,0,26,0,0,40,0,0,0,0,0,0,0,0,0,0,0,0,0,0,0,0,0,0,0,0,0,0,0,0,0,0,0,0,0,0,0,0,0,0,0,0,0,0,0,0,0,0,0,0,0,16,0,0,0,0,0,0,0,0,0,0,0,0,0,0,0,0,0,0,0,0,0,0,0
1,0,0,0,0,0,16,0,0,0,0,0,0,0,0,0,16,0,0,0,0,0,0,14,0,0,33,0,0,0,0,0,0,0,0,0,0,0,0,0,0,32,0,0,0,0,0,0,0,0,24,27,0,0,27,0,0,0,0,0,0,0,0,0,0,0,0,0,0,0,0,0,0,0,0,0,0,0,0,0,0,0,0,0,0,0,0,0,0,0,0,0,0,0,0,0,32,0,0,0,0,0,0,0,0,0,0,0,0,0,0,0,0,0,0,0,0,0,0,0,0,0,0,24,0,0,0,0,0,0,0,28,0,10,0,0,0,0,0,0,0,0,0,0,0,0,10,0,0,0,0
2,0,0,0,0,0,0,58,0,0,0,0,0,0,11,10,0,0,0,0,0,249,0,0,0,54,0,0,0,0,0,0,0,0,0,0,0,0,0,0,0,0,0,0,0,0,0,0,0,19,20,19,0,18,0,0,34,0,0,0,10,0,0,0,17,10,0,0,0,34,0,0,0,14,0,0,10,0,0,0,0,0,19,0,0,0,0,0,0,0,0,0,0,0,0,16,0,0,0,0,0,0,10,0,0,0,0,0,0,0,0,0,0,28,0,0,0,0,0,0,0,0,0,50,0,13,0,0,0,0,0,20,0,85,0,0,21,0,0,15,0,0,0,0,0,0,16,0,0,0,0
0,0,16,27,0,39,0,0,26,0,0,23,26,15,0,15,0,32,0,0,0,34,0,0,0,20,0,0,0,0,0,0,18,0,0,0,0,26,0,0,0,11,0,15,0,0,0,10,10,0,15,10,0,32,0,0,0,23,0,0,16,0,0,0,0,0,0,0,0,0,0,0,11,15,16,0,15,0,0,0,0,32,0,0,0,0,0,0,0,0,0,0,0,11,10,19,11,0,0,0,0,11,0,0,0,11,13,11,0,10,0,0,0,0,0,0,0,10,0,0,13,0,18,10,0,0,16,10,0,0,0,10,0,112,0,13,15,0,0,27,0,0,0,0,0,0,0,0,10,0,14
1,0,15,10,0,12,0,0,11,15,0,0,0,0,0,0,0,0,0,0,0,0,0,0,0,0,0,0,0,0,12,0,0,0,0,0,0,0,0,0,0,0,0,0,0,0,0,0,0,0,0,0,0,0,16,0,12,12,0,0,0,0,0,0,0,0,0,14,0,11,0,0,0,0,0,25,0,0,0,0,21,0,0,38,0,0,0,0,0,0,0,0,0,0,0,0,0,0,0,0,0,0,0,0,0,0,0,0,0,0,46,0,15,0,0,0,0,0,0,0,14,0,0,0,0,0,0,0,0,0,0,0,0,10,0,0,0,0,0,0,0,16,0,0,0,0,0,0,0,0,0
0,0,0,0,0,0,0,0,0,0,0,0,0,0,0,0,0,0,0,0,0,0,0,0,0,0,40,0,0,0,0,0,0,0,0,0,0,0,0,0,0,208,0,0,0,0,0,0,0,0,45,138,0,0,0,0,0,0,0,0,0,0,0,0,0,0,0,0,205,0,0,0,0,0,0,0,0,0,0,0,0,0,0,0,0,0,0,0,0,0,0,0,0,0,0,0,208,0,0,0,0,0,0,0,0,10,0,0,0,0,0,0,0,0,0,0,0,0,0,0,0,0,0,17,0,0,0,0,0,0,0,137,0,0,0,0,0,0,0,0,0,0,0,0,0,0,0,0,0,0,0
1,26,0,0,0,0,109,0,24,0,0,10,0,0,0,0,110,21,0,0,0,0,71,0,0,0,0,0,10,0,28,0,0,0,0,10,11,0,24,0,0,11,0,0,0,0,14,12,0,0,15,17,0,0,16,0,0,0,0,0,0,0,0,0,0,0,0,0,13,13,12,0,0,0,16,0,0,0,16,0,12,37,0,0,0,0,0,0,0,0,0,0,0,0,14,10,11,0,0,21,0,0,0,0,0,0,0,0,0,0,0,0,0,0,0,0,31,11,0,0,14,0,19,0,21,0,0,0,0,0,0,19,0,0,0,0,0,10,0,0,10,0,0,0,0,0,0,22,14,0,0
1,0,0,0,0,10,0,0,0,0,0,0,0,18,0,11,0,0,0,0,0,0,0,21,0,24,38,0,0,13,21,0,0,0,0,0,18,0,0,0,0,59,0,0,0,0,0,0,14,0,26,34,0,0,28,0,0,0,0,0,0,0,0,11,0,0,0,0,0,0,0,0,0,11,0,0,0,0,16,0,0,0,0,50,0,0,0,0,0,0,0,0,0,0,0,12,61,0,0,0,0,0,0,0,0,0,0,0,0,0,0,0,0,0,0,0,0,10,0,0,0,0,0,45,0,0,0,14,0,0,0,37,0,0,0,0,15,11,0,0,0,0,0,0,0,0,0,0,0,0,0
1,26,0,0,0,0,0,0,0,0,0,15,0,0,10,13,0,23,0,0,0,0,11,24,0,10,0,0,0,0,0,0,0,0,0,0,0,0,0,0,0,0,0,0,0,0,0,21,0,0,12,0,0,0,17,0,17,0,0,0,17,0,0,0,12,12,0,0,0,10,0,0,22,0,0,0,18,106,13,0,0,32,0,35,0,0,0,0,0,0,0,0,0,0,0,0,0,0,13,0,0,0,0,0,0,0,0,0,0,0,0,0,0,14,0,0,0,22,0,0,14,0,0,0,0,0,0,0,0,10,0,0,0,15,0,0,24,0,0,0,0,0,0,0,0,0,16,0,10,0,11
2,0,0,32,0,11,0,0,32,0,0,0,0,0,0,0,0,0,0,0,0,14,0,17,0,0,0,0,0,0,10,0,0,0,0,0,20,0,34,0,0,0,17,0,0,0,19,0,0,0,0,0,0,0,0,0,0,0,0,0,0,15,0,0,0,15,0,0,0,0,0,0,0,0,0,0,0,0,0,0,0,49,0,10,0,0,0,14,0,0,0,0,0,10,0,0,0,0,0,0,0,12,0,0,0,0,20,10,0,0,0,0,0,0,0,0,18,0,0,0,0,0,0,15,27,11,0,0,0,0,0,0,0,73,0,17,0,0,0,0,0,0,0,0,0,0,17,31,0,18,0
2,0,0,0,0,0,198,0,0,0,0,0,0,0,17,0,198,0,0,0,0,16,56,0,0,0,30,0,0,17,0,0,0,0,0,0,0,0,0,0,0,0,0,0,0,0,0,0,0,0,21,0,0,0,0,0,0,0,0,0,0,0,0,0,0,10,0,0,0,0,0,0,0,0,0,0,0,0,0,0,0,50,0,11,0,15,0,0,0,0,0,0,0,0,0,0,0,0,0,0,0,0,0,0,0,11,0,0,0,28,0,0,0,0,0,0,0,0,0,0,0,0,0,13,0,15,0,0,0,0,0,0,0,0,0,27,0,0,0,0,0,0,0,0,27,0,14,0,0,11,0
0,0,0,0,0,0,28,0,0,0,0,0,0,0,0,0,27,0,0,0,0,0,0,13,0,0,0,0,14,0,0,0,0,0,0,23,0,0,0,18,11,0,0,0,0,0,0,0,0,0,18,0,10,0,0,0,12,0,0,0,0,0,0,0,0,0,0,0,0,20,0,0,0,0,10,17,0,0,0,13,0,35,0,0,0,0,0,0,0,0,0,0,0,0,0,0,0,0,0,0,0,0,0,0,0,0,0,0,0,0,0,0,0,0,0,0,0,0,0,0,11,0,0,0,0,0,0,0,0,0,0,0,0,0,0,16,0,0,18,0,15,0,0,0,0,0,0,0,0,0,0
0,0,0,0,0,0,66,0,0,0,0,0,0,0,18,0,66,0,0,35,0,0,12,0,0,39,0,0,0,0,0,0,0,0,0,0,107,0,0,0,0,0,0,0,0,0,0,0,0,0,0,0,0,10,0,0,0,0,0,0,0,0,0,0,0,11,0,0,0,0,0,0,0,0,0,0,0,0,0,0,0,48,0,0,0,0,32,0,0,0,0,0,0,0,0,0,0,0,0,0,33,0,0,0,0,0,16,0,0,108,0,35,0,0,0,0,0,0,0,0,0,0,14,0,0,34,0,0,0,0,0,0,0,74,0,0,0,0,11,10,0,0,0,0,103,22,0,0,0,12,0
0,0,0,37,0,27,0,0,36,0,0,0,0,11,0,0,0,0,0,0,0,0,0,29,0,0,0,0,0,0,0,0,12,0,0,0,0,0,31,0,0,0,0,31,0,0,19,0,66,0,0,0,0,10,0,0,0,0,0,0,0,0,0,0,0,0,0,0,0,0,0,0,0,0,0,0,0,0,0,0,0,55,0,95,0,0,0,0,0,18,0,0,0,0,0,0,0,0,0,14,0,0,0,0,0,0,0,0,0,0,0,0,0,0,0,0,31,0,13,0,0,0,0,13,31,16,0,66,0,0,0,0,0,0,0,31,0,0,0,0,0,0,0,0,0,0,0,23,0,0,0
0,0,0,15,0,0,0,0,15,0,0,10,0,14,14,0,0,21,0,81,0,14,0,0,0,21,0,0,12,0,0,0,17,0,0,0,0,0,19,0,0,0,0,0,0,0,10,0,0,0,0,0,0,17,0,0,0,0,0,12,0,12,0,0,0,0,0,0,0,10,0,0,0,15,0,0,0,0,0,0,0,55,0,21,0,0,12,0,0,0,0,0,0,0,0,16,0,0,0,0,13,0,0,0,0,0,0,0,0,0,0,80,0,0,0,0,22,0,0,0,0,0,0,0,16,17,0,0,0,0,0,0,12,46,0,0,0,0,0,10,12,0,0,0,0,27,0,0,0,0,0
0,0,0,0,0,10,0,0,0,0,0,0,0,0,0,0,0,0,19,0,0,0,0,19,0,0,0,0,10,0,0,0,0,29,0,19,0,0,18,0,0,0,0,0,0,20,0,10,0,19,13,0,0,0,0,0,0,0,15,0,0,0,25,0,0,0,0,0,0,10,0,0,10,0,19,0,0,0,0,0,0,31,19,21,32,0,0,0,0,0,31,0,0,0,12,0,0,0,0,0,0,0,0,0,0,0,0,0,28,0,0,0,0,0,0,0,11,10,0,0,16,0,0,0,0,14,13,0,0,0,0,0,0,0,15,12,0,0,0,0,10,0,19,10,0,0,0,0,12,0,0
2,0,0,16,0,0,66,12,15,0,0,0,0,0,0,0,66,0,0,17,0,0,25,12,0,10,0,0,0,0,0,0,0,0,0,0,13,0,28,0,0,0,0,0,13,0,0,12,0,0,0,0,0,0,0,0,0,0,0,0,0,0,0,0,0,0,0,0,0,0,0,0,12,0,0,0,0,0,0,0,0,61,0,0,0,14,14,0,0,0,0,0,0,0,0,0,0,0,0,0,14,0,0,0,10,14,0,0,0,0,0,19,0,0,0,0,17,12,17,0,0,0,0,11,0,0,0,0,0,11,0,0,0,18,0,0,0,0,0,0,0,12,0,0,0,0,0,16,0,0,0
0,0,0,17,0,0,0,0,18,0,0,0,0,0,0,0,0,0,0,0,0,0,0,0,0,0,0,0,0,0,0,0,0,0,0,0,12,0,17,0,0,0,0,10,0,0,16,0,44,0,0,0,15,0,21,0,0,0,0,0,0,0,0,0,0,0,0,0,0,0,21,0,0,0,0,0,0,0,10,0,0,55,0,59,0,25,0,0,0,10,0,0,0,0,0,0,0,0,0,12,0,0,0,0,0,0,0,0,0,0,0,0,0,0,0,0,41,0,0,0,0,0,0,13,26,11,10,44,10,0,0,0,0,0,0,0,0,0,15,0,0,0,0,0,0,0,0,16,0,0,0
